Price,Open,High,Low
1826.20,1821.80,1832.40,1819.80
1826.00,1812.30,1827.30,1811.20
1815.80,1822.40,1822.80,1804.20
1823.10,1808.20,1841.90,1808.00
1809.70,1805.80,1811.95,1805.55
1804.20,1801.00,1812.20,1798.90
1795.30,1823.80,1829.30,1792.70
1825.40,1827.90,1833.80,1821.30
1825.40,1796.80,1832.40,1793.70
1797.70,1801.60,1808.60,1793.20
1800.20,1786.90,1804.20,1783.90
1787.80,1818.70,1819.70,1782.00
1818.70,1822.60,1825.40,1806.20
1825.50,1792.30,1836.90,1791.80
1792.30,1808.00,1809.30,1789.00
1810.70,1801.90,1819.00,1800.10
1801.50,1799.50,1806.90,1793.20
1798.00,1783.30,1803.20,1780.50
1782.40,1780.80,1793.20,1779.10
1781.30,1810.50,1822.90,1778.10
1809.60,1817.00,1818.70,1791.80
1815.20,1783.10,1818.40,1782.90
1759.90,1763.40,1784.20,1758.20
1763.70,1754.60,1773.40,1752.90
1755.30,1771.10,1778.50,1753.30
1754.00,1751.00,1761.20,1745.90
1755.35,1753.05,1758.95,1752.55
1745.60,1740.80,1754.90,1719.00
1739.90,1739.70,1751.00,1737.60
1739.60,1752.00,1755.00,1733.90
1754.40,1763.10,1769.90,1749.20
1763.00,1777.00,1777.60,1756.60
1775.80,1782.00,1788.20,1773.40
1776.80,1774.00,1791.80,1770.20
1776.90,1769.40,1778.40,1755.80
1769.40,1758.30,1775.60,1750.30
1753.70,1709.70,1760.60,1705.50
1713.70,1715.20,1725.80,1705.10
1716.00,1678.00,1720.40,1667.10
1680.50,1678.60,1685.60,1670.00
1676.60,1631.70,1686.40,1631.10
1630.90,1639.10,1643.20,1618.30
1650.00,1651.40,1673.10,1637.40
1649.70,1636.10,1660.30,1633.60
1640.70,1647.20,1648.50,1634.50
1644.80,1667.20,1670.90,1640.70
1660.30,1664.10,1669.20,1654.40
1664.40,1652.30,1674.00,1652.30
1653.30,1649.60,1660.50,1637.00
1649.20,1662.00,1666.30,1643.60
1651.50,1626.10,1657.20,1618.10
1631.80,1628.90,1644.30,1621.20
1629.00,1652.40,1654.00,1628.00
1650.70,1651.00,1660.40,1647.00
1658.90,1646.30,1667.60,1645.20
1643.70,1665.60,1672.10,1640.80
1677.00,1680.20,1688.90,1648.30
1677.50,1673.40,1685.10,1668.00
1686.00,1675.60,1691.30,1667.50
1675.20,1703.40,1707.40,1672.50
1709.30,1721.00,1722.80,1698.40
1720.80,1725.50,1734.20,1714.80
1720.80,1734.40,1736.60,1708.80
1730.50,1708.40,1738.70,1704.00
1702.00,1670.50,1710.40,1666.50
1672.00,1669.50,1684.40,1667.50
1668.60,1669.00,1673.10,1649.30
1665.10,1631.40,1666.00,1618.00
1631.10,1626.70,1643.50,1626.70
1628.20,1643.00,1651.00,1623.20
1650.00,1674.60,1674.60,1642.70
1676.10,1674.30,1688.00,1659.00
1670.50,1666.80,1685.90,1657.60
1665.70,1682.30,1682.30,1665.90
1672.60,1680.20,1680.20,1663.50
1677.90,1665.60,1680.00,1659.10
1671.40,1695.00,1695.00,1664.80
1703.20,1704.00,1709.70,1701.10
1712.00,1733.40,1733.40,1703.80
1735.60,1731.00,1737.30,1728.00
1723.60,1716.00,1726.40,1716.00
1715.30,1723.40,1725.50,1713.50
1722.80,1722.80,1722.80,1722.80
1707.90,1719.70,1719.70,1714.20
1724.80,1719.20,1726.60,1718.75
1718.65,1723.60,1723.75,1718.65
1717.70,1709.60,1709.60,1709.60
1704.40,1708.00,1708.00,1707.00
1721.40,1721.40,1721.40,1721.40
1731.60,1731.60,1731.60,1731.60
1740.50,1740.10,1748.60,1722.50
1740.60,1762.30,1762.30,1737.00
1761.80,1755.10,1769.30,1753.80
1752.00,1752.20,1759.70,1745.50
1751.50,1739.50,1757.60,1733.80
1738.60,1750.50,1752.30,1730.40
1753.00,1762.70,1762.70,1749.50
1761.10,1766.30,1775.90,1758.90
1766.50,1780.50,1786.30,1763.70
1779.40,1785.20,1787.60,1775.20
1787.90,1808.20,1808.20,1777.60
1805.20,1793.90,1808.60,1789.90
1796.80,1797.90,1804.30,1788.50
1803.30,1799.80,1814.40,1793.00
1801.50,1794.00,1806.00,1788.50
1794.30,1780.30,1795.50,1776.20
1780.50,1796.00,1800.50,1769.80
1796.20,1771.90,1801.00,1769.50
1766.10,1767.40,1779.10,1759.70
1779.70,1779.30,1794.80,1766.20
1777.60,1772.20,1781.80,1764.10
1771.50,1762.40,1774.20,1758.40
1759.00,1741.30,1764.00,1740.90
1723.30,1720.00,1743.00,1713.80
1721.90,1721.80,1729.90,1715.90
1723.20,1730.10,1734.30,1717.50
1731.40,1721.00,1740.30,1716.40
1717.30,1697.10,1722.60,1682.80
1703.90,1713.70,1715.00,1694.60
1714.10,1711.20,1719.10,1707.70
1713.80,1710.30,1724.70,1708.90
1707.50,1712.70,1716.70,1703.50
1709.90,1738.70,1738.70,1700.60
1739.50,1728.00,1748.20,1710.90
1728.90,1737.20,1738.80,1726.00
1735.90,1741.80,1744.70,1735.10
1746.70,1743.70,1755.40,1737.00
1744.10,1743.00,1748.10,1742.40
1741.30,1771.90,1774.90,1736.80
1768.90,1817.00,1817.00,1768.90
1763.90,1814.40,1815.20,1763.00
1805.90,1810.30,1816.80,1788.90
1812.00,1816.30,1830.00,1811.50
1822.00,1822.00,1822.00,1822.00
1821.20,1823.60,1830.90,1819.10
1824.80,1839.60,1842.80,1821.80
1830.30,1824.20,1833.70,1817.70
1829.80,1839.70,1848.90,1823.50
1838.40,1834.90,1850.30,1824.50
1838.80,1840.60,1848.40,1830.70
1838.80,1840.60,1848.40,1830.70
1840.60,1859.30,1861.50,1836.10
1849.90,1835.80,1860.20,1816.30
1819.60,1809.70,1845.40,1808.40
1813.50,1820.90,1833.30,1806.10
1831.80,1879.00,1882.50,1819.00
1875.50,1850.40,1879.60,1826.50
1852.80,1855.10,1857.80,1841.90
1856.50,1855.00,1862.40,1846.60
1852.10,1843.50,1858.20,1838.50
1843.70,1853.70,1861.20,1843.00
1850.20,1872.60,1878.60,1849.70
1871.40,1849.90,1874.40,1846.50
1848.70,1840.00,1853.00,1830.20
1848.40,1856.50,1867.90,1837.60
1848.40,1856.50,1867.90,1837.60
1857.30,1855.10,1866.90,1851.90
1850.60,1854.50,1855.00,1840.40
1849.20,1867.60,1869.00,1843.00
1868.40,1855.40,1871.30,1851.30
1850.60,1847.40,1865.00,1847.40
1844.70,1842.70,1848.80,1834.00
1844.00,1818.30,1850.40,1818.30
1819.00,1816.20,1825.10,1808.90
1821.90,1827.20,1834.90,1814.30
1816.80,1815.00,1828.00,1790.00
1811.30,1821.00,1830.00,1801.20
1827.90,1857.90,1859.60,1824.00
1857.10,1841.50,1858.40,1837.40
1844.40,1861.90,1866.60,1839.90
1862.00,1883.60,1883.60,1858.00
1886.20,1873.10,1892.00,1873.10
1879.00,1898.40,1910.20,1878.70
1872.10,1871.90,1889.20,1866.10
1873.90,1868.70,1879.30,1859.70
1867.00,1894.50,1894.50,1865.00
1915.10,1909.20,1920.60,1901.20
1894.80,1894.80,1894.80,1894.80
1888.70,1907.40,1908.10,1881.60
1904.10,1899.80,1912.20,1896.30
1896.00,1931.90,1935.50,1891.80
1934.30,1953.10,1957.80,1928.00
1948.20,1960.00,1960.10,1938.00
1955.60,1952.70,1960.90,1941.00
1959.00,1981.20,1985.10,1945.50
1986.40,1978.50,2003.00,1974.40
1974.90,1981.60,1984.00,1962.70
1984.70,1970.50,1985.80,1966.30
1976.10,1957.40,1982.70,1953.00
1948.20,1949.60,1974.60,1942.90
1945.60,1934.30,1952.20,1930.40
1937.80,1928.10,1941.70,1923.30
1923.10,1927.60,1937.60,1916.20
1927.50,1937.30,1948.90,1920.90
1934.00,1927.10,1941.60,1918.20
1923.70,1942.40,1944.50,1921.40
1954.00,1937.30,1955.00,1923.00
1939.00,1924.00,1943.40,1920.10
1915.20,1924.30,1930.50,1891.00
1942.30,1959.10,1962.00,1919.00
1956.90,1962.30,1967.40,1946.80
1964.90,1947.40,1969.50,1941.40
1940.20,1924.00,1950.80,1920.50
1924.40,1938.70,1941.70,1913.60
1932.50,1922.70,1943.20,1922.00
1931.70,1945.70,1948.30,1921.60
1946.00,1930.60,1952.50,1928.30
1911.90,1922.70,1932.70,1898.60
1932.60,1958.80,1958.80,1911.60
1963.40,1985.60,1990.00,1956.50
1987.60,2004.10,2004.10,1965.40
2002.90,2000.20,2015.70,1979.10
1990.70,2054.80,2071.00,1984.30
2046.30,2004.30,2078.70,1992.60
1998.70,1984.30,2008.60,1968.10
1968.90,1944.30,1974.00,1940.00
1938.10,1933.00,1943.80,1926.50
1924.60,1947.20,1951.10,1922.90
1945.30,1909.00,1944.40,1909.00
1902.20,1913.00,1919.90,1896.10
1889.20,1889.20,1889.20,1889.20
1926.30,1911.90,1976.50,1878.60
1910.40,1901.20,1912.90,1891.10
1907.40,1903.50,1918.30,1889.70
1907.40,1903.50,1918.30,1889.70
1899.80,1901.40,1905.00,1888.00
1902.00,1872.00,1904.00,1869.70
1871.50,1855.50,1874.60,1851.80
1856.20,1873.80,1881.60,1845.40
1869.40,1862.20,1876.50,1851.90
1842.10,1827.00,1867.40,1821.10
1837.40,1834.00,1843.30,1821.80
1836.60,1827.00,1837.10,1825.50
1827.90,1821.50,1829.90,1816.00
1821.80,1808.00,1824.60,1807.50
1807.80,1805.40,1815.80,1792.10
1804.10,1807.40,1809.50,1788.50
1810.30,1800.80,1812.00,1794.60
1801.50,1798.90,1809.70,1796.20
1796.40,1792.80,1800.90,1785.80
1786.60,1799.60,1800.30,1780.60
1794.20,1820.30,1822.50,1792.00
1831.00,1849.40,1851.60,1816.00
1854.10,1845.20,1855.60,1836.90
1843.40,1835.30,1846.00,1831.60
1833.50,1841.60,1844.80,1831.00
1844.30,1841.30,1850.10,1839.00
1844.70,1814.00,1845.10,1811.20
1814.10,1818.70,1824.20,1806.90
1812.40,1818.70,1822.90,1804.70
1818.30,1822.90,1830.60,1816.30
1823.30,1827.80,1827.80,1814.10
1829.10,1822.50,1828.90,1817.70
1820.40,1802.20,1824.40,1802.20
1800.70,1799.70,1802.40,1792.50
1799.30,1792.60,1800.00,1784.00
1791.00,1812.30,1812.30,1788.70
1826.60,1821.90,1831.50,1811.60
1815.80,1807.90,1817.00,1801.80
1801.10,1826.80,1826.80,1800.20
1829.70,1828.50,1830.20,1823.60
1815.30,1815.30,1815.30,1815.30
1805.80,1806.60,1808.00,1789.10
1810.90,1812.10,1821.60,1805.50
1808.80,1810.20,1814.60,1803.60
1811.70,1805.60,1812.00,1799.00
1802.20,1789.40,1806.30,1785.80
1788.70,1791.40,1801.70,1785.00
1794.60,1800.20,1804.60,1789.00
1804.90,1801.50,1815.70,1796.50
1798.20,1777.90,1800.70,1775.70
1764.50,1771.90,1781.30,1753.00
1772.30,1787.60,1789.80,1766.10
1788.30,1784.20,1792.80,1782.20
1784.80,1776.30,1791.00,1770.40
1776.70,1784.30,1788.40,1773.30
1785.50,1785.10,1794.30,1780.10
1784.70,1779.50,1789.30,1772.40
1779.50,1787.70,1789.00,1776.40
1783.90,1769.40,1788.00,1766.00
1762.70,1783.80,1785.20,1762.20
1784.30,1777.40,1795.70,1773.70
1776.50,1786.90,1811.40,1771.20
1785.20,1795.20,1801.50,1782.00
1786.90,1788.40,1817.70,1780.50
1788.10,1792.30,1819.30,1781.60
1785.60,1793.40,1797.00,1779.20
1785.10,1810.40,1813.10,1783.10
1807.70,1843.00,1851.10,1804.00
1852.90,1864.20,1869.00,1846.00
1862.70,1869.80,1874.50,1858.30
1871.50,1852.70,1871.10,1852.70
1855.40,1867.00,1880.10,1852.40
1868.00,1870.10,1873.10,1860.00
1869.70,1865.90,1872.20,1849.80
1865.20,1855.50,1868.90,1847.00
1849.50,1827.80,1869.80,1827.80
1832.00,1828.30,1835.10,1822.70
1829.20,1818.50,1829.20,1815.50
1818.00,1792.90,1820.70,1788.20
1794.70,1773.00,1800.70,1773.00
1765.10,1777.00,1777.30,1762.30
1790.60,1797.10,1797.10,1790.20
1796.90,1785.50,1796.90,1783.10
1784.90,1789.30,1789.30,1776.90
1803.60,1803.60,1803.60,1803.60
1798.80,1795.00,1801.00,1784.30
1793.40,1808.70,1809.80,1783.00
1806.80,1794.20,1811.50,1793.00
1796.30,1783.70,1815.50,1783.40
1781.90,1782.50,1790.30,1776.80
1784.90,1769.40,1789.60,1767.10
1770.50,1764.80,1786.00,1763.40
1765.70,1767.50,1772.50,1760.30
1768.30,1797.30,1797.70,1765.10
1797.90,1793.60,1801.90,1787.60
1794.70,1760.40,1797.40,1757.90
1759.30,1753.60,1770.00,1750.50
1755.70,1757.40,1761.10,1749.90
1757.40,1757.00,1782.40,1753.60
1759.20,1763.80,1767.70,1752.00
1761.80,1760.50,1765.90,1745.40
1760.90,1770.80,1771.10,1748.60
1767.60,1762.60,1771.50,1747.70
1758.40,1757.20,1765.20,1749.90
1757.00,1726.00,1765.00,1721.80
1722.90,1734.00,1746.00,1721.10
1737.00,1750.00,1752.90,1728.00
1751.40,1749.20,1759.50,1744.90
1750.90,1744.90,1756.10,1740.00
1748.90,1767.30,1775.10,1740.00
1777.90,1772.60,1784.50,1765.00
1777.30,1764.00,1780.70,1757.80
1762.90,1752.20,1766.60,1743.50
1750.50,1755.30,1765.60,1748.00
1755.70,1795.40,1795.40,1744.70
1793.70,1804.10,1804.10,1792.00
1806.10,1789.50,1808.00,1781.00
1793.30,1788.30,1794.50,1788.30
1791.00,1804.20,1804.20,1788.30
1798.90,1794.10,1796.90,1788.30
1792.40,1799.00,1799.00,1785.00
1797.40,1824.00,1824.40,1792.80
1798.50,1833.50,1833.50,1793.70
1832.60,1814.50,1834.20,1813.00
1810.40,1811.00,1811.00,1808.40
1814.90,1817.10,1817.40,1809.70
1816.90,1816.90,1816.90,1816.90
1810.00,1810.00,1810.00,1810.00
1817.20,1792.00,1819.60,1783.80
1793.00,1790.50,1798.10,1779.20
1788.80,1802.60,1802.70,1781.90
1806.30,1805.20,1809.80,1800.40
1804.00,1780.10,1806.70,1775.90
1781.80,1780.30,1788.60,1778.10
1780.90,1787.40,1792.20,1772.40
1782.30,1785.90,1793.10,1777.00
1785.70,1786.80,1795.00,1779.90
1787.60,1779.50,1789.00,1769.80
1776.00,1752.70,1779.60,1751.60
1749.80,1750.60,1757.20,1740.60
1751.20,1728.10,1754.40,1724.30
1729.70,1729.70,1736.90,1716.50
1724.40,1763.00,1763.00,1676.40
1761.10,1804.00,1804.40,1757.30
1806.60,1812.20,1815.60,1797.30
1812.20,1810.80,1833.40,1806.10
1811.70,1814.10,1815.50,1807.30
1819.80,1814.60,1820.50,1805.90
1814.50,1830.30,1832.80,1810.60
1833.20,1808.20,1834.70,1808.20
1800.80,1800.20,1810.00,1792.80
1800.90,1798.60,1806.20,1794.00
1800.40,1803.40,1812.50,1797.50
1802.90,1808.30,1811.00,1790.20
1806.50,1805.30,1809.50,1794.00
1804.40,1811.20,1814.40,1796.00
1812.30,1813.30,1826.20,1806.70
1810.20,1813.60,1817.90,1796.00
1815.90,1831.50,1832.40,1812.00
1829.90,1828.60,1834.50,1822.00
1825.90,1806.70,1831.80,1806.00
1810.80,1807.60,1817.60,1801.10
1806.80,1809.00,1809.70,1793.10
1811.50,1801.00,1813.80,1801.00
1801.10,1804.80,1819.90,1796.80
1803.00,1797.10,1808.90,1797.10
1795.00,1790.70,1814.80,1790.10
1794.20,1787.50,1815.70,1784.70
1784.10,1785.50,1793.60,1778.50
1777.60,1777.50,1782.80,1769.10
1772.40,1760.00,1774.90,1756.70
1764.50,1764.50,1764.50,1764.50
1780.70,1782.00,1786.10,1770.40
1777.80,1775.70,1791.00,1773.60
1776.70,1778.20,1788.60,1772.70
1783.40,1779.10,1795.60,1773.10
1777.40,1783.20,1790.10,1771.20
1782.90,1764.30,1786.90,1764.10
1769.00,1773.90,1797.90,1761.20
1774.80,1812.30,1826.40,1767.90
1861.40,1861.00,1866.00,1804.40
1856.40,1867.80,1870.90,1853.00
1865.90,1879.60,1879.70,1845.70
1879.60,1901.90,1906.20,1876.10
1896.40,1891.40,1903.00,1871.80
1895.50,1894.40,1901.70,1889.30
1894.40,1901.60,1906.90,1885.70
1898.80,1894.30,1902.90,1883.70
1892.00,1872.70,1899.00,1855.60
1873.30,1910.50,1912.30,1866.70
1909.90,1903.00,1911.80,1896.40
1905.00,1906.80,1919.20,1894.50
1905.00,1906.80,1919.20,1894.50
1905.30,1899.80,1908.80,1884.30
1898.50,1899.30,1906.50,1890.80
1902.30,1900.50,1914.00,1891.90
1899.00,1882.50,1902.20,1874.30
1885.50,1884.30,1888.70,1876.80
1877.60,1876.60,1890.90,1871.80
1882.80,1871.10,1885.00,1866.20
1882.30,1872.20,1891.90,1853.90
1869.00,1868.30,1876.00,1864.30
1868.50,1843.00,1869.70,1843.00
1839.10,1827.60,1847.00,1821.90
1825.00,1818.20,1829.60,1814.70
1823.70,1838.50,1844.50,1815.10
1837.00,1837.80,1842.40,1819.50
1838.60,1835.30,1846.60,1834.90
1832.40,1816.20,1844.30,1815.80
1816.70,1786.60,1817.60,1785.20
1785.30,1779.90,1788.00,1775.50
1777.00,1789.40,1799.60,1775.20
1792.60,1774.80,1796.20,1772.90
1768.60,1770.70,1772.20,1767.20
1769.40,1769.40,1769.40,1769.40
1773.90,1776.40,1782.70,1761.80
1778.80,1781.10,1785.90,1773.90
1780.10,1776.10,1783.10,1768.20
1777.80,1784.00,1796.30,1769.50
1782.00,1794.50,1798.10,1777.10
1793.10,1779.10,1798.40,1776.60
1778.40,1770.50,1780.80,1763.50
1770.60,1778.80,1790.40,1766.60
1780.20,1764.80,1784.70,1760.30
1766.80,1736.60,1770.60,1734.40
1736.30,1746.40,1750.70,1732.30
1747.60,1732.20,1749.50,1723.20
1732.70,1744.50,1746.20,1727.00
1744.80,1756.50,1758.20,1730.80
1758.20,1738.60,1759.40,1733.60
1741.60,1744.40,1745.40,1731.20
1743.00,1729.20,1746.70,1728.20
1728.80,1730.00,1734.40,1721.60
1728.40,1709.00,1732.00,1706.40
1715.60,1685.90,1716.30,1677.30
1686.00,1713.00,1714.80,1678.30
1713.60,1732.50,1732.70,1704.90
1733.60,1727.40,1735.90,1721.00
1726.30,1735.00,1745.10,1724.00
1734.40,1727.60,1738.50,1724.60
1726.40,1740.40,1742.30,1724.60
1739.40,1747.80,1747.80,1728.50
1742.90,1735.20,1745.60,1729.90
1733.70,1745.50,1752.60,1719.80
1728.40,1732.00,1751.00,1724.60
1732.20,1733.70,1741.30,1726.60
1730.60,1729.30,1733.60,1723.10
1721.20,1721.30,1727.60,1698.70
1723.90,1725.60,1738.00,1718.40
1723.30,1714.30,1725.30,1710.00
1718.50,1686.90,1719.10,1685.90
1679.60,1703.90,1712.90,1677.20
1700.30,1689.20,1704.50,1686.00
1702.40,1709.50,1720.80,1692.00
1717.30,1732.40,1732.40,1705.00
1735.10,1720.20,1737.30,1707.70
1724.40,1739.00,1755.00,1721.10
1730.10,1766.80,1766.80,1720.00
1776.90,1776.90,1776.90,1776.90
1797.90,1805.00,1813.00,1782.20
1805.90,1809.30,1815.20,1794.50
1808.40,1782.00,1812.40,1778.60
1777.40,1774.60,1790.90,1759.00
1775.00,1776.00,1788.80,1766.60
1772.80,1793.10,1794.20,1767.90
1799.00,1826.00,1827.10,1788.10
1799.00,1826.00,1827.10,1788.10
1823.20,1825.40,1831.50,1810.10
1826.80,1844.30,1848.60,1821.70
1842.70,1838.30,1856.60,1834.00
1837.50,1832.40,1849.50,1830.30
1834.20,1818.10,1840.60,1807.30
1813.00,1794.30,1816.00,1792.20
1791.20,1834.50,1835.70,1784.60
1835.10,1838.50,1845.90,1830.10
1833.40,1863.60,1866.30,1830.40
1863.90,1865.00,1876.00,1851.70
1850.30,1845.60,1878.90,1841.20
1841.20,1847.20,1867.00,1835.60
1846.80,1851.20,1852.30,1831.00
1852.80,1856.00,1862.10,1849.00
1856.90,1856.40,1868.40,1848.00
1857.90,1871.20,1872.20,1837.90
1867.50,1873.00,1876.60,1859.90
1868.50,1841.70,1873.00,1835.40
1842.00,1830.60,1846.00,1804.20
1840.20,1828.80,1845.00,1800.80
1831.70,1855.00,1856.60,1825.30
1853.30,1848.10,1857.20,1834.80
1856.80,1860.00,1864.30,1845.00
1846.10,1849.30,1865.40,1839.70
1852.70,1851.20,1854.60,1822.00
1837.30,1911.20,1913.80,1831.40
1915.60,1924.20,1928.80,1912.00
1910.40,1957.40,1961.40,1905.50
1956.70,1945.50,1957.30,1943.50
1949.00,1917.80,1949.90,1917.80
1897.30,1899.80,1899.80,1899.00
1895.60,1895.60,1895.60,1895.60
1882.90,1878.00,1891.30,1875.60
1880.40,1887.00,1904.10,1873.00
1883.20,1877.30,1887.40,1873.10
1878.10,1865.60,1883.70,1860.90
1870.30,1883.00,1889.40,1863.70
1882.80,1892.90,1912.00,1859.00
1888.90,1891.30,1895.70,1881.90
1890.40,1868.40,1902.00,1865.90
1859.10,1857.70,1870.00,1848.20
1855.30,1830.50,1859.30,1828.50
1832.10,1845.00,1845.60,1820.00
1843.60,1840.00,1851.80,1826.80
1837.40,1843.00,1854.20,1831.50
1838.50,1875.40,1875.90,1828.20
1874.90,1866.10,1879.80,1863.90
1866.00,1841.10,1873.00,1824.80
1840.00,1844.70,1852.70,1832.00
1841.10,1833.90,1847.40,1826.70
1830.20,1819.10,1835.70,1810.50
1818.90,1780.30,1821.10,1778.40
1780.90,1790.80,1793.30,1767.20
1788.10,1812.10,1822.60,1776.50
1788.10,1812.10,1822.60,1776.50
1808.80,1809.80,1818.60,1803.00
1808.10,1839.00,1840.20,1801.10
1841.50,1872.90,1877.50,1832.00
1875.70,1862.90,1881.50,1862.90
1864.80,1874.80,1875.00,1854.50
1877.10,1884.50,1887.00,1866.60
1888.80,1891.20,1894.00,1884.30
1891.50,1891.50,1902.00,1867.20
1890.70,1881.50,1898.40,1881.00
1877.80,1869.00,1885.70,1866.50
1866.20,1880.50,1884.70,1860.00
1881.20,1865.20,1890.40,1865.20
1860.10,1960.00,1963.40,1856.00
1955.30,1948.10,1964.20,1941.90
1950.20,1909.80,1950.40,1909.80
1899.70,1899.30,1908.90,1899.30
1914.00,1911.60,1913.90,1911.50
1895.70,1891.00,1891.00,1891.00
1883.50,1874.80,1885.60,1874.80
1871.60,1871.60,1871.60,1871.60
1879.20,1909.80,1912.60,1869.10
1911.90,1904.40,1913.80,1898.70
1905.70,1906.00,1911.10,1892.50
1905.20,1906.50,1917.30,1895.20
1904.60,1927.40,1929.40,1894.20
1929.50,1911.60,1936.00,1911.60
1915.40,1906.40,1917.60,1896.60
1911.70,1903.20,1923.40,1900.20
1906.40,1912.70,1918.70,1901.10
1908.90,1906.00,1913.20,1892.70
1907.30,1895.40,1917.50,1885.00
1894.60,1927.30,1930.60,1889.30
1928.90,1935.00,1939.40,1923.80
1926.20,1898.40,1936.80,1898.00
1895.10,1890.60,1905.30,1885.30
1890.80,1882.60,1902.40,1877.10
1908.80,1917.80,1927.00,1878.20
1920.10,1910.90,1924.90,1891.20
1907.60,1911.00,1923.60,1895.20
1916.30,1891.20,1917.90,1890.00
1895.50,1903.20,1908.20,1885.80
1903.20,1886.40,1904.80,1880.80
1877.60,1860.40,1882.60,1848.00
1862.20,1868.00,1873.70,1851.00
1873.00,1863.50,1876.10,1850.00
1864.50,1898.00,1904.70,1855.00
1903.40,1916.20,1920.10,1896.80
1906.20,1954.80,1956.30,1887.20
1957.50,1948.20,1961.80,1948.20
1945.40,1962.50,1964.20,1935.00
1966.20,1958.90,1973.10,1955.80
1961.90,1968.00,1975.00,1955.20
1958.80,1943.40,1964.30,1943.40
1943.30,1948.20,1954.30,1943.70
1959.70,1951.30,1966.80,1946.60
1950.40,1933.60,1953.70,1929.20
1939.50,1937.40,1937.40,1909.00
1943.20,1938.00,1948.30,1911.70
1930.60,1936.20,1950.00,1920.00
1933.80,1939.20,1945.50,1925.00
1940.80,1966.30,1966.30,1940.40
1974.80,1977.40,1978.70,1970.20
1974.50,1977.70,1977.70,1977.70
1970.80,1970.80,1970.80,1970.80
1925.00,1955.50,1978.50,1907.40
1944.10,1930.50,1955.50,1901.40
1915.60,1927.80,1935.80,1912.00
1931.50,1938.90,1961.90,1923.00
1938.30,1946.70,1954.80,1909.60
1938.30,1927.50,1955.70,1922.60
1963.50,2002.60,2007.00,1923.70
2004.80,1984.90,2016.60,1977.10
1989.90,1948.20,1992.00,1931.70
1942.30,1954.50,1961.50,1932.00
1961.90,1918.10,1966.30,1914.90
1940.50,1912.70,1952.30,1865.00
1938.90,2029.00,2031.00,1903.20
2030.30,2034.50,2050.90,2018.90
2018.00,2065.10,2078.00,2015.00
2058.40,2042.60,2070.00,2037.20
2037.10,2024.70,2057.50,2015.50
2008.50,1981.70,2025.00,1971.00
1974.70,1985.20,1997.00,1963.50
1973.90,1961.00,1992.40,1960.00
1955.20,1974.30,1976.00,1941.70
1959.40,1956.00,1980.60,1940.30
1949.90,1942.00,1980.10,1905.90
1936.20,1905.00,1946.30,1903.60
1902.50,1889.60,1910.20,1886.50
1894.80,1877.50,1903.60,1868.20
1869.90,1846.00,1876.50,1846.00
1848.70,1823.60,1849.40,1822.50
1822.20,1817.30,1828.20,1812.90
1816.00,1803.10,1818.10,1803.00
1806.30,1820.40,1821.80,1800.60
1820.50,1819.00,1823.40,1811.70
1819.80,1811.50,1820.50,1800.20
1820.80,1810.60,1825.60,1810.60
1808.60,1815.50,1822.50,1804.00
1810.70,1826.50,1831.70,1807.50
1826.50,1813.60,1833.00,1812.00
1815.80,1801.90,1815.90,1787.60
1799.00,1793.70,1801.60,1788.60
1793.50,1787.90,1799.00,1779.20
1795.80,1780.00,1797.50,1773.10
1785.90,1803.30,1813.10,1773.70
1805.20,1788.10,1806.00,1788.00
1785.90,1785.90,1785.90,1785.90
1780.30,1774.80,1786.20,1754.00
1770.60,1772.30,1779.60,1764.10
1775.10,1784.40,1796.10,1770.60
1782.00,1764.90,1786.80,1758.30
1766.40,1765.80,1779.00,1753.50
1753.00,1729.80,1760.90,1728.30
1731.10,1735.50,1749.20,1722.70
1735.60,1735.30,1739.30,1717.30
1736.50,1732.30,1741.30,1721.80
1727.20,1740.70,1743.80,1706.20
1737.30,1733.60,1753.00,1728.20
1739.80,1746.60,1754.90,1727.50
1720.70,1718.90,1749.40,1714.10
1721.90,1703.90,1729.40,1697.60
1705.10,1686.70,1707.60,1680.70
1683.00,1720.80,1723.20,1671.70
1727.40,1702.80,1729.00,1698.90
1704.80,1733.70,1738.90,1690.30
1734.00,1750.30,1757.00,1728.00
1750.30,1749.80,1761.00,1737.60
1751.70,1732.70,1754.50,1725.30
1728.30,1725.00,1743.70,1720.00
1719.10,1717.20,1721.70,1693.10
1717.30,1739.80,1745.60,1711.30
1705.60,1734.80,1737.20,1700.00
1744.30,1732.20,1748.90,1731.10
1729.20,1757.40,1757.40,1723.40
1758.70,1756.20,1763.00,1751.60
1751.60,1742.90,1756.20,1733.50
1739.60,1766.90,1780.00,1737.20
1761.50,1748.20,1765.30,1743.50
1746.10,1728.40,1749.00,1724.30
1721.60,1710.00,1728.40,1707.00
1713.40,1706.20,1721.20,1704.50
1704.60,1714.20,1717.20,1700.20
1719.30,1735.80,1738.60,1712.60
1730.00,1698.40,1736.60,1698.40
1692.70,1717.20,1717.60,1691.00
1715.00,1708.30,1717.60,1703.80
1717.20,1710.90,1725.80,1710.90
1704.40,1697.10,1713.50,1682.70
1697.10,1737.70,1737.90,1695.00
1716.30,1716.30,1716.30,1716.30
1722.20,1724.40,1731.90,1704.10
1723.80,1745.00,1745.80,1720.00
1735.60,1753.00,1760.20,1725.40
1745.40,1736.50,1764.20,1730.60
1738.30,1703.10,1742.40,1695.40
1687.80,1713.30,1718.00,1666.20
1711.20,1693.00,1718.40,1685.00
1698.80,1738.50,1738.80,1691.20
1731.70,1743.50,1768.00,1722.60
1740.20,1758.10,1759.80,1731.60
1768.90,1761.50,1788.80,1747.10
1761.40,1742.30,1772.80,1724.20
1752.80,1680.50,1754.50,1676.50
1684.30,1678.70,1695.80,1670.70
1683.70,1707.10,1742.60,1672.00
1693.90,1647.70,1715.80,1638.20
1645.70,1635.30,1652.80,1624.40
1637.70,1602.40,1645.60,1595.20
1591.40,1589.40,1612.40,1576.00
1596.60,1643.40,1645.60,1588.20
1643.20,1663.40,1673.60,1632.00
1641.30,1649.90,1653.10,1629.60
1656.00,1638.80,1674.50,1613.60
1636.60,1680.00,1696.30,1613.00
1664.00,1564.60,1692.70,1564.60
1570.20,1509.40,1572.20,1488.00
1486.50,1476.10,1520.70,1458.00
1481.30,1476.90,1501.20,1468.10
1479.40,1546.10,1546.20,1475.00
1527.20,1502.50,1554.80,1470.00
1487.60,1573.60,1573.80,1453.60
1518.20,1576.90,1597.60,1511.40
1592.10,1643.00,1650.00,1563.40
1644.10,1651.70,1672.80,1635.80
1662.00,1670.70,1672.40,1648.00
1677.40,1691.00,1704.30,1663.60
1674.30,1674.20,1692.30,1648.50
1670.00,1642.70,1677.00,1639.80
1645.20,1646.50,1652.40,1635.50
1646.60,1596.20,1651.40,1596.20
1597.10,1593.80,1611.00,1580.00
1569.30,1626.10,1630.90,1569.10
1645.30,1645.30,1645.30,1645.30
1643.10,1637.30,1657.10,1626.60
1650.00,1661.80,1666.70,1627.00
1676.60,1656.00,1691.70,1652.80
1648.80,1623.60,1652.10,1621.60
1620.50,1615.00,1626.50,1606.60
1611.80,1604.80,1615.90,1602.40
1603.60,1585.10,1608.20,1581.80
1603.60,1585.10,1608.20,1581.80
1586.40,1579.00,1588.20,1576.00
1578.80,1569.80,1581.70,1568.50
1571.60,1571.20,1573.60,1564.40
1570.10,1575.50,1577.50,1565.20
1579.50,1575.80,1580.50,1571.50
1573.40,1570.70,1577.80,1563.50
1570.00,1560.00,1571.90,1556.00
1562.80,1556.10,1566.20,1551.10
1555.50,1581.50,1584.50,1552.80
1582.40,1597.80,1598.50,1573.20
1587.90,1578.40,1595.50,1575.00
1589.20,1582.40,1590.70,1576.80
1573.50,1569.00,1580.70,1565.00
1572.80,1583.90,1585.10,1567.80
1580.60,1580.90,1591.50,1579.00
1575.20,1566.00,1578.50,1560.00
1568.80,1561.80,1570.50,1555.30
1560.00,1560.90,1562.20,1553.30
1560.80,1567.00,1571.40,1549.20
1557.90,1557.30,1568.80,1546.00
1563.60,1555.70,1564.50,1555.70
1553.70,1559.90,1561.00,1551.30
1557.20,1550.30,1561.60,1550.30
1548.00,1552.10,1552.10,1539.60
1553.70,1563.70,1564.90,1550.00
1563.60,1558.20,1567.00,1550.10
1557.80,1560.10,1565.20,1546.40
1563.80,1580.60,1615.70,1558.00
1577.60,1570.20,1581.40,1560.20
1572.00,1559.10,1590.40,1559.10
1555.50,1535.20,1558.30,1535.20
1531.40,1526.00,1535.70,1524.30
1526.50,1525.10,1529.60,1524.80
1521.60,1521.60,1521.60,1521.60
1518.10,1516.50,1519.90,1512.10
1514.40,1503.90,1517.40,1502.10
1504.80,1489.80,1505.00,1488.10
1488.70,1482.40,1490.10,1481.20
1480.90,1482.70,1484.80,1479.50
1484.40,1479.40,1485.80,1477.10
1478.70,1480.40,1483.60,1474.30
1480.60,1480.60,1484.90,1478.40
1480.50,1480.00,1484.50,1477.40
1481.20,1470.80,1482.50,1465.50
1472.30,1479.20,1491.60,1468.20
1475.00,1468.50,1483.50,1466.90
1468.10,1466.30,1473.70,1464.20
1464.90,1464.10,1469.80,1463.00
1465.10,1481.00,1485.30,1463.30
1483.10,1480.00,1485.70,1478.00
1480.20,1483.20,1489.90,1476.70
1484.40,1468.00,1487.70,1465.40
1469.20,1470.30,1471.70,1459.80
1472.70,1461.20,1472.90,1459.10
1472.70,1461.20,1472.90,1459.10
1460.80,1468.30,1469.10,1459.10
1464.40,1458.80,1466.80,1454.10
1460.50,1464.10,1465.10,1457.90
1467.30,1468.90,1476.20,1465.00
1467.10,1478.70,1479.00,1466.30
1477.50,1476.70,1482.30,1469.90
1477.80,1476.40,1478.70,1468.80
1475.40,1472.80,1477.40,1462.00
1472.00,1478.50,1478.50,1467.40
1476.90,1468.00,1477.80,1467.50
1466.80,1461.30,1471.00,1461.30
1457.20,1461.00,1463.40,1450.00
1460.60,1463.40,1470.00,1453.10
1466.40,1470.30,1475.50,1461.50
1469.90,1496.40,1496.40,1467.80
1496.80,1489.70,1497.00,1489.50
1487.60,1512.70,1512.70,1485.00
1514.70,1518.30,1519.40,1512.90
1514.90,1518.80,1521.10,1513.00
1518.30,1505.80,1518.00,1505.80
1500.20,1500.20,1500.20,1500.20
1490.70,1494.30,1497.10,1485.60
1495.80,1507.40,1510.80,1492.30
1505.30,1506.40,1520.90,1503.10
1504.70,1495.10,1506.90,1490.40
1495.70,1491.10,1499.40,1490.70
1487.50,1487.50,1492.10,1484.00
1488.10,1495.60,1498.70,1484.80
1494.10,1495.60,1497.90,1488.30
1498.30,1494.20,1501.10,1487.00
1494.00,1484.80,1495.50,1480.60
1483.50,1497.70,1503.00,1480.80
1497.60,1492.00,1501.50,1487.10
1488.70,1498.30,1508.00,1478.00
1500.90,1510.80,1522.30,1495.70
1512.80,1510.90,1518.00,1505.10
1503.90,1498.70,1515.30,1492.10
1504.40,1518.60,1518.80,1493.30
1512.90,1511.60,1522.20,1501.40
1513.80,1505.60,1525.80,1501.70
1507.90,1485.40,1511.40,1480.50
1489.00,1478.00,1493.50,1465.00
1472.90,1501.70,1507.20,1470.50
1506.40,1511.80,1514.40,1493.30
1511.70,1506.00,1515.50,1505.00
1508.90,1535.40,1538.90,1504.50
1536.60,1525.40,1538.90,1520.00
1527.80,1520.00,1530.30,1515.90
1512.00,1508.80,1520.40,1504.40
1503.40,1496.30,1507.30,1496.00
1513.00,1506.20,1515.50,1489.80
1510.80,1503.60,1511.60,1500.70
1508.70,1508.40,1516.70,1501.00
1496.80,1503.30,1511.00,1494.10
1504.80,1495.10,1526.70,1495.10
1500.50,1493.50,1502.90,1493.50
1496.40,1498.80,1503.00,1491.90
1508.10,1517.00,1517.00,1503.30
1512.40,1519.10,1531.00,1508.10
1522.50,1548.60,1554.90,1517.80
1557.20,1548.00,1561.90,1548.00
1552.80,1531.90,1532.90,1525.30
1555.90,1535.20,1558.90,1528.00
1526.20,1526.20,1526.20,1526.20
1533.70,1533.70,1533.70,1533.70
1542.80,1545.60,1550.20,1535.60
1545.60,1531.00,1548.20,1529.20
1530.90,1537.50,1558.60,1528.70
1531.40,1502.30,1534.00,1496.90
1502.30,1506.80,1508.10,1496.10
1509.60,1511.60,1512.10,1500.50
1509.70,1501.10,1512.70,1497.00
1505.50,1516.90,1517.10,1497.30
1517.50,1527.90,1532.10,1508.00
1525.10,1521.10,1531.40,1512.20
1521.60,1506.60,1528.40,1499.00
1507.90,1515.40,1539.50,1483.00
1510.90,1502.90,1525.20,1492.40
1502.00,1512.40,1513.20,1500.00
1503.10,1504.90,1514.90,1495.50
1513.20,1480.00,1516.20,1478.40
1478.30,1473.90,1480.90,1462.50
1470.60,1446.30,1475.90,1443.00
1451.60,1451.20,1455.90,1436.60
1426.50,1419.20,1452.30,1406.40
1431.80,1437.60,1441.90,1416.50
1435.80,1433.40,1439.60,1429.00
1424.30,1423.20,1431.90,1418.60
1423.50,1419.30,1428.50,1417.40
1418.00,1429.50,1438.00,1414.10
1427.40,1421.30,1433.40,1420.90
1425.50,1429.60,1434.90,1418.50
1430.70,1431.80,1434.30,1427.50
1430.10,1452.70,1457.10,1425.00
1431.90,1433.30,1453.00,1419.80
1427.20,1411.60,1431.80,1405.40
1415.00,1422.50,1422.50,1406.00
1417.30,1417.50,1425.00,1413.30
1415.90,1411.20,1422.50,1408.90
1410.00,1424.10,1431.30,1408.10
1415.80,1401.20,1423.80,1397.50
1403.90,1400.80,1404.80,1392.80
1403.30,1404.30,1412.40,1398.00
1403.40,1426.50,1427.90,1393.00
1400.10,1421.60,1426.80,1388.60
1424.20,1435.00,1442.90,1418.20
1411.20,1392.20,1424.80,1391.70
1392.40,1399.60,1403.60,1388.60
1416.70,1427.60,1427.60,1416.00
1414.90,1414.90,1414.90,1414.90
1415.40,1427.20,1427.90,1405.00
1418.70,1423.40,1442.90,1415.10
1418.20,1403.90,1425.10,1403.60
1400.10,1391.20,1415.40,1386.10
1396.90,1364.50,1397.70,1361.30
1348.80,1350.40,1366.60,1344.80
1350.70,1343.90,1358.50,1342.10
1342.90,1345.50,1347.10,1336.60
1344.50,1346.50,1362.20,1341.40
1343.70,1337.80,1347.00,1335.90
1336.80,1330.60,1342.30,1329.80
1331.20,1331.80,1333.80,1323.60
1329.30,1341.20,1341.70,1329.00
1346.10,1339.70,1352.70,1334.30
1342.70,1336.10,1344.20,1331.30
1333.60,1330.20,1348.90,1329.30
1328.70,1329.70,1334.10,1324.70
1327.90,1312.50,1333.00,1310.90
1311.10,1293.20,1311.90,1292.50
1292.40,1285.10,1293.90,1279.20
1283.70,1281.80,1287.80,1281.40
1280.10,1287.20,1289.60,1278.50
1277.10,1283.50,1286.90,1275.10
1286.40,1285.90,1287.50,1283.30
1288.40,1276.80,1289.80,1275.50
1277.10,1276.10,1279.50,1275.50
1276.20,1281.20,1281.20,1272.00
1280.30,1281.60,1282.00,1276.90
1278.90,1290.10,1292.00,1278.00
1289.40,1300.10,1300.80,1287.80
1300.50,1300.10,1304.00,1298.60
1299.00,1303.40,1303.40,1298.20
1304.70,1291.10,1304.80,1285.30
1290.20,1288.20,1292.30,1287.80
1288.20,1287.10,1291.60,1285.20
1284.40,1291.10,1295.00,1284.00
1288.60,1286.80,1289.60,1283.90
1286.90,1286.10,1289.90,1282.30
1284.30,1276.10,1286.60,1273.50
1275.00,1278.00,1278.50,1272.70
1287.20,1285.00,1290.40,1281.00
1288.60,1288.60,1288.60,1288.60
1284.50,1284.50,1284.50,1284.50
1288.80,1279.10,1290.90,1276.00
1279.70,1277.90,1284.80,1275.20
1279.40,1274.40,1280.70,1270.50
1273.20,1277.00,1278.50,1267.90
1277.60,1278.00,1281.90,1275.70
1276.00,1276.20,1279.70,1273.00
1276.80,1279.50,1282.10,1275.20
1277.20,1290.80,1291.70,1275.50
1291.30,1294.00,1295.20,1285.30
1295.20,1295.80,1299.10,1293.20
1293.30,1312.40,1313.10,1292.90
1313.90,1308.20,1314.70,1304.70
1308.30,1301.60,1310.40,1300.60
1301.90,1295.80,1307.90,1295.50
1295.60,1296.50,1297.80,1288.30
1294.30,1294.40,1298.70,1284.90
1295.30,1296.90,1299.00,1292.70
1295.40,1292.20,1297.10,1289.50
1294.20,1297.20,1301.70,1291.00
1298.50,1295.00,1304.60,1291.30
1295.30,1315.00,1317.60,1293.30
1313.90,1318.70,1322.00,1310.90
1318.30,1325.20,1325.20,1315.50
1325.40,1316.20,1326.50,1314.00
1315.40,1312.30,1317.60,1310.00
1310.60,1316.00,1322.40,1306.60
1304.70,1309.00,1319.60,1301.50
1309.60,1308.20,1313.10,1307.20
1304.60,1303.00,1309.00,1301.70
1305.80,1298.10,1308.30,1297.80
1298.50,1310.00,1310.00,1295.90
1312.50,1304.00,1314.50,1304.00
1301.20,1295.90,1304.90,1295.60
1294.30,1300.90,1301.90,1294.10
1302.70,1294.30,1303.10,1293.80
1289.40,1290.90,1292.50,1286.80
1290.80,1292.70,1294.60,1288.30
1287.80,1290.20,1292.80,1286.00
1290.50,1297.60,1301.00,1287.00
1302.50,1311.10,1314.60,1297.00
1319.40,1327.80,1328.00,1318.10
1325.00,1325.00,1325.00,1325.00
1328.50,1329.90,1332.40,1325.50
1329.50,1331.90,1334.90,1327.30
1332.80,1325.80,1335.60,1323.80
1327.80,1341.70,1344.30,1323.30
1347.90,1343.90,1349.80,1339.80
1344.80,1325.00,1345.00,1323.80
1344.80,1327.90,1345.00,1324.40
1322.10,1315.50,1325.80,1314.30
1313.90,1309.60,1317.40,1304.70
1315.10,1314.30,1321.70,1308.10
1314.00,1311.60,1318.30,1310.00
1311.90,1318.10,1318.70,1307.10
1318.50,1314.30,1319.50,1311.50
1314.20,1310.90,1315.80,1306.40
1314.40,1319.40,1319.90,1309.60
1319.20,1316.80,1321.00,1314.80
1319.30,1322.60,1323.60,1312.70
1322.10,1326.00,1328.20,1320.60
1325.20,1325.40,1331.10,1322.20
1315.50,1317.00,1328.60,1313.50
1312.10,1305.00,1313.80,1304.80
1305.90,1302.20,1306.20,1299.50
1300.70,1282.40,1305.30,1281.70
1282.30,1285.30,1286.50,1278.70
1286.80,1286.50,1288.30,1280.40
1285.80,1284.50,1287.20,1279.00
1283.40,1282.40,1285.00,1276.00
1284.80,1294.80,1294.80,1282.50
1295.20,1295.80,1297.10,1291.80
1296.60,1291.90,1297.70,1290.70
1291.40,1294.30,1298.00,1290.00
1294.70,1296.40,1299.40,1291.10
1292.90,1291.00,1298.50,1290.80
1290.80,1297.30,1300.90,1290.70
1295.40,1289.10,1297.90,1284.60
1289.30,1290.40,1291.00,1286.50
1293.30,1290.20,1299.80,1287.60
1289.20,1301.00,1301.90,1282.30
1298.40,1293.50,1298.10,1289.70
1287.30,1288.10,1293.70,1284.30
1284.50,1284.00,1288.60,1284.00
1286.10,1286.10,1286.10,1286.10
1281.10,1270.10,1281.60,1269.10
1273.00,1273.50,1282.30,1267.40
1271.80,1260.70,1273.90,1260.00
1258.10,1263.50,1266.20,1257.10
1267.90,1247.00,1270.30,1246.20
1256.40,1253.50,1262.20,1245.30
1253.60,1249.70,1254.50,1249.00
1251.80,1242.80,1252.20,1239.40
1241.40,1246.20,1247.30,1236.50
1247.40,1250.70,1251.70,1244.40
1250.00,1248.30,1252.60,1247.10
1247.20,1249.80,1255.10,1245.80
1249.40,1255.60,1256.60,1246.90
1252.60,1243.10,1255.80,1242.60
1243.60,1243.00,1249.90,1240.00
1242.60,1244.60,1244.80,1238.70
1246.60,1236.30,1247.50,1235.80
1239.60,1227.80,1240.40,1226.60
1226.00,1229.90,1231.10,1221.80
1230.40,1227.10,1234.90,1226.70
1227.20,1217.70,1230.20,1214.50
1217.10,1226.90,1228.80,1215.90
1226.10,1226.60,1231.00,1225.60
1226.60,1231.30,1232.60,1224.20
1223.20,1227.80,1229.20,1220.30
1231.20,1225.70,1232.90,1223.60
1224.40,1225.30,1232.30,1224.30
1228.60,1225.70,1229.30,1222.70
1226.40,1217.30,1229.10,1217.30
1218.60,1215.40,1219.70,1212.70
1213.80,1206.70,1217.50,1202.50
1205.10,1205.20,1209.00,1201.70
1207.30,1214.00,1214.50,1204.80
1212.60,1227.20,1227.30,1211.50
1229.30,1231.30,1231.30,1226.30
1233.10,1233.10,1241.70,1231.10
1230.50,1235.70,1241.10,1230.60
1236.20,1233.80,1237.60,1233.80
1237.00,1240.70,1240.70,1240.70
1241.50,1219.00,1228.40,1219.00
1218.00,1219.80,1221.80,1218.30
1228.30,1228.30,1228.30,1228.30
1227.60,1236.40,1237.60,1226.10
1235.80,1234.70,1246.00,1232.50
1232.40,1236.60,1242.00,1230.50
1231.10,1233.80,1238.00,1228.30
1236.80,1225.10,1243.00,1224.50
1224.60,1230.50,1232.60,1222.80
1228.70,1228.60,1234.10,1226.20
1230.10,1225.50,1233.60,1221.70
1227.40,1228.00,1232.90,1223.70
1231.00,1230.50,1235.90,1226.30
1230.30,1221.20,1236.90,1220.40
1222.00,1227.70,1228.10,1219.30
1227.60,1197.90,1230.00,1194.70
1193.40,1192.70,1198.60,1188.50
1191.50,1192.20,1195.80,1186.60
1188.60,1206.70,1208.00,1186.00
1205.60,1203.70,1209.80,1200.90
1201.60,1201.40,1210.70,1199.60
1202.90,1207.00,1212.30,1200.40
1207.00,1192.70,1212.30,1192.20
1191.70,1196.10,1196.50,1188.10
1196.20,1186.80,1198.00,1184.30
1187.40,1198.90,1202.60,1185.60
1196.90,1203.00,1203.90,1193.00
1202.50,1200.20,1204.60,1198.90
1201.70,1201.20,1205.00,1196.20
1198.60,1209.70,1212.10,1194.20
1208.90,1206.40,1210.50,1203.50
1206.10,1201.50,1208.50,1201.00
1200.70,1202.80,1204.50,1199.60
1203.40,1198.50,1207.00,1195.60
1198.60,1204.20,1209.70,1195.80
1205.50,1208.90,1213.30,1202.50
1208.20,1198.90,1210.90,1197.90
1199.50,1198.70,1198.90,1190.10
1197.20,1198.80,1199.60,1194.70
1197.80,1202.80,1203.70,1200.00
1201.70,1207.60,1209.00,1203.50
1198.80,1196.10,1200.70,1196.10
1196.60,1201.80,1204.80,1193.30
1199.10,1207.00,1207.60,1195.10
1204.10,1202.70,1205.30,1202.70
1202.50,1202.50,1202.50,1202.50
1206.50,1202.20,1208.80,1202.20
1209.50,1212.80,1215.70,1201.00
1211.20,1209.20,1214.00,1204.50
1208.60,1187.10,1210.40,1184.90
1189.30,1198.00,1198.70,1185.60
1198.70,1198.70,1203.70,1194.80
1195.50,1193.00,1199.80,1190.00
1190.20,1185.50,1193.20,1185.30
1179.80,1177.50,1187.60,1174.20
1179.60,1178.10,1184.50,1162.70
1180.50,1196.80,1197.20,1175.60
1196.10,1196.30,1200.90,1194.50
1194.20,1214.20,1216.50,1193.90
1214.20,1215.30,1220.00,1208.50
1215.10,1217.10,1220.50,1213.60
1216.20,1214.10,1218.50,1208.80
1213.30,1211.00,1219.20,1210.90
1212.60,1216.70,1220.70,1209.50
1218.10,1211.80,1223.30,1207.40
1214.90,1219.40,1224.90,1210.30
1222.40,1228.20,1228.70,1219.10
1228.50,1224.90,1232.60,1217.60
1226.40,1226.50,1229.10,1223.10
1226.50,1225.80,1230.10,1220.00
1228.60,1234.60,1237.70,1224.90
1234.50,1227.20,1236.70,1226.70
1228.20,1227.30,1232.20,1221.00
1228.00,1234.20,1237.40,1224.80
1233.60,1226.70,1234.50,1218.90
1226.50,1228.90,1231.20,1213.40
1230.50,1229.60,1230.70,1223.80
1229.90,1243.20,1247.40,1228.80
1242.20,1245.20,1248.00,1241.00
1243.80,1248.90,1250.50,1239.50
1249.10,1244.70,1250.50,1244.70
1247.40,1254.10,1256.50,1244.70
1258.70,1261.60,1263.50,1251.30
1262.80,1260.40,1269.80,1260.40
1258.90,1261.50,1262.70,1257.80
1261.70,1257.80,1263.60,1256.90
1258.80,1257.70,1261.00,1252.20
1256.40,1244.90,1259.30,1242.10
1244.60,1256.00,1257.40,1244.10
1257.30,1257.30,1257.30,1257.30
1253.80,1253.80,1253.80,1253.80
1256.10,1260.50,1261.90,1252.20
1259.90,1267.30,1269.40,1256.40
1268.90,1272.20,1274.40,1265.50
1270.70,1268.60,1273.10,1268.40
1270.50,1269.70,1272.30,1262.40
1274.50,1277.30,1278.60,1269.60
1278.60,1280.70,1286.80,1272.60
1280.10,1281.10,1284.90,1279.50
1278.50,1305.90,1306.70,1277.90
1308.30,1303.10,1313.00,1301.00
1301.30,1299.60,1305.20,1294.50
1299.40,1304.50,1304.80,1296.30
1303.20,1303.50,1307.00,1297.80
1302.70,1301.30,1304.80,1296.00
1303.00,1300.90,1307.80,1299.00
1301.40,1300.60,1306.10,1297.70
1302.20,1296.40,1304.80,1293.50
1297.30,1296.70,1302.30,1293.80
1299.30,1303.00,1304.80,1293.10
1304.70,1306.00,1311.50,1301.00
1306.50,1303.10,1308.80,1300.00
1301.60,1302.80,1309.00,1294.70
1299.00,1297.20,1306.10,1291.40
1306.40,1307.10,1309.60,1302.30
1307.30,1296.10,1309.10,1295.30
1292.20,1294.40,1299.40,1289.60
1294.60,1294.50,1298.00,1289.90
1293.50,1293.90,1295.10,1284.60
1294.10,1292.60,1296.20,1288.70
1292.40,1293.10,1296.30,1287.00
1294.50,1295.00,1298.90,1289.10
1293.40,1316.90,1317.20,1292.10
1321.20,1322.50,1325.20,1316.00
1323.80,1324.60,1328.40,1320.80
1325.30,1316.40,1325.50,1314.00
1316.10,1318.10,1320.60,1309.00
1316.80,1316.70,1321.20,1309.70
1317.20,1323.00,1323.00,1315.50
1317.70,1316.50,1317.80,1312.80
1315.70,1313.00,1321.50,1312.10
1308.60,1313.30,1316.00,1307.90
1309.90,1311.00,1311.40,1311.00
1322.30,1322.30,1322.30,1322.30
1326.50,1326.50,1326.50,1326.50
1317.90,1324.20,1328.00,1316.20
1322.80,1332.00,1333.80,1320.20
1333.00,1326.10,1334.50,1323.60
1324.00,1336.20,1337.60,1323.80
1338.30,1348.50,1348.90,1337.00
1348.80,1352.40,1357.70,1343.20
1353.50,1350.40,1359.00,1345.00
1349.50,1349.10,1352.20,1340.20
1350.70,1349.80,1353.50,1342.80
1347.90,1337.60,1350.30,1335.50
1341.90,1356.30,1356.70,1336.70
1360.00,1343.10,1369.40,1342.50
1345.90,1339.80,1346.20,1334.20
1340.10,1338.00,1341.50,1330.10
1336.10,1329.70,1339.10,1322.60
1328.50,1337.10,1338.70,1326.00
1340.20,1336.70,1352.50,1335.20
1337.30,1345.00,1346.60,1332.70
1346.90,1330.70,1349.20,1329.00
1327.30,1329.30,1332.60,1325.40
1330.00,1351.10,1352.20,1327.70
1344.70,1355.20,1358.50,1342.40
1357.60,1350.90,1358.30,1346.50
1352.40,1332.00,1352.80,1332.00
1329.80,1334.20,1337.30,1327.10
1324.00,1313.90,1339.30,1312.30
1314.50,1319.40,1319.60,1309.30
1320.30,1315.80,1321.50,1310.00
1314.80,1318.80,1323.30,1312.00
1320.40,1328.30,1330.20,1318.00
1328.20,1329.40,1332.90,1325.40
1329.80,1328.50,1330.70,1317.00
1323.50,1326.90,1326.90,1318.70
1326.70,1322.00,1327.90,1316.60
1324.40,1328.90,1331.70,1323.10
1330.30,1344.00,1344.00,1326.50
1337.90,1326.00,1342.40,1325.70
1322.60,1330.50,1331.10,1322.80
1325.90,1320.60,1328.60,1319.90
1307.90,1311.80,1324.10,1308.30
1320.60,1323.80,1323.80,1323.80
1321.40,1321.40,1321.40,1321.40
1332.80,1330.40,1342.90,1328.00
1330.30,1333.70,1334.20,1327.70
1332.70,1326.20,1334.40,1322.90
1332.10,1331.20,1338.50,1324.40
1331.20,1350.20,1354.00,1330.60
1331.20,1350.20,1354.00,1330.60
1356.20,1356.60,1364.40,1347.30
1355.30,1353.00,1359.80,1350.80
1358.00,1331.90,1358.60,1319.10
1330.40,1325.00,1333.50,1323.70
1326.40,1317.10,1330.00,1316.30
1315.70,1321.00,1325.00,1313.20
1319.00,1320.70,1324.50,1309.00
1314.60,1326.60,1334.80,1313.50
1329.50,1343.10,1349.30,1322.80
1336.50,1334.60,1344.80,1331.60
1337.30,1352.20,1353.30,1330.10
1347.90,1348.20,1354.30,1340.20
1343.10,1341.80,1351.00,1335.50
1340.00,1344.00,1352.50,1337.50
1342.20,1351.60,1353.40,1338.00
1354.40,1348.70,1358.20,1347.70
1365.20,1359.60,1367.50,1343.40
1358.70,1343.00,1363.40,1342.00
1339.00,1335.20,1343.90,1333.30
1334.30,1337.40,1337.60,1331.40
1335.30,1329.80,1339.40,1329.60
1329.50,1330.40,1334.80,1326.90
1341.40,1341.80,1345.20,1329.60
1339.30,1339.20,1346.50,1335.00
1337.10,1337.30,1345.00,1332.10
1337.20,1325.10,1342.00,1324.10
1324.70,1320.60,1326.50,1319.20
1321.60,1315.00,1329.50,1312.40
1315.90,1321.00,1322.80,1312.30
1322.70,1323.80,1324.80,1318.00
1324.50,1324.30,1325.90,1318.50
1323.90,1316.90,1329.30,1310.00
1320.80,1322.00,1324.50,1311.50
1318.30,1311.00,1322.30,1310.80
1311.40,1307.20,1308.80,1307.00
1299.50,1299.50,1299.50,1299.50
1291.40,1287.80,1293.20,1286.00
1287.50,1279.00,1288.40,1277.70
1278.80,1270.30,1280.40,1268.40
1270.60,1268.80,1272.50,1266.00
1269.60,1264.80,1271.40,1264.40
1264.20,1265.40,1268.60,1262.30
1265.50,1257.80,1267.00,1255.30
1257.50,1255.50,1264.50,1255.20
1257.10,1258.10,1261.60,1252.80
1248.60,1246.30,1259.70,1242.30
1241.70,1243.90,1247.90,1238.30
1246.90,1249.20,1253.40,1242.40
1248.40,1249.50,1254.40,1244.40
1253.10,1265.20,1266.80,1245.80
1266.10,1268.30,1271.80,1264.80
1264.90,1279.10,1279.80,1263.20
1277.70,1277.60,1280.50,1273.50
1282.30,1277.90,1292.50,1274.20
1276.70,1286.90,1288.40,1273.10
1286.20,1298.00,1300.40,1285.10
1296.60,1295.80,1298.50,1291.90
1296.20,1292.00,1300.70,1288.50
1289.20,1292.80,1295.00,1287.20
1287.30,1291.90,1293.30,1285.10
1294.10,1282.10,1295.70,1280.80
1283.50,1280.00,1286.00,1278.20
1277.10,1294.50,1296.10,1275.90
1298.20,1279.90,1298.20,1279.90
1279.90,1280.50,1283.00,1277.00
1279.40,1283.30,1291.30,1279.30
1284.60,1278.00,1285.40,1273.10
1280.60,1277.00,1281.00,1276.30
1275.90,1287.50,1288.00,1275.80
1289.20,1284.70,1290.00,1284.30
1285.40,1276.10,1287.70,1276.10
1277.50,1282.70,1282.70,1274.50
1283.30,1271.10,1285.50,1271.10
1270.80,1279.30,1282.60,1268.60
1279.80,1278.40,1285.80,1278.10
1279.20,1271.60,1280.80,1271.60
1272.40,1275.10,1275.10,1270.80
1279.80,1279.80,1279.80,1279.80
1271.80,1268.00,1275.20,1263.80
1269.60,1278.60,1283.80,1266.40
1279.00,1278.00,1281.30,1272.00
1278.30,1283.90,1285.30,1274.80
1280.90,1281.50,1284.70,1273.60
1280.50,1292.00,1292.90,1279.30
1290.00,1282.80,1292.80,1277.60
1283.00,1286.90,1290.80,1278.60
1286.20,1297.20,1298.40,1283.20
1303.00,1306.00,1308.40,1292.50
1304.60,1296.00,1306.40,1292.90
1296.50,1294.60,1299.80,1291.80
1288.90,1290.70,1295.90,1286.80
1293.80,1286.80,1296.70,1284.60
1285.00,1278.60,1288.00,1277.70
1274.90,1270.60,1279.20,1262.80
1273.20,1277.50,1281.60,1268.50
1276.80,1274.50,1285.00,1273.10
1274.60,1273.10,1277.40,1271.00
1275.80,1282.20,1282.80,1272.00
1284.80,1290.10,1293.20,1278.20
1288.70,1285.10,1291.60,1280.40
1285.80,1295.40,1296.60,1282.10
1299.50,1310.80,1313.90,1294.00
1308.80,1294.70,1311.40,1291.80
1294.90,1292.30,1298.60,1291.90
1292.20,1302.00,1302.00,1289.00
1314.00,1311.90,1316.50,1297.80
1308.20,1308.40,1312.20,1306.90
1308.30,1318.60,1320.40,1307.40
1322.90,1333.00,1335.00,1322.10
1326.90,1320.00,1330.00,1317.80
1325.60,1334.10,1334.90,1322.30
1330.50,1330.50,1330.70,1324.40
1333.20,1346.00,1346.00,1328.80
1349.10,1352.20,1359.00,1346.80
1348.40,1337.80,1352.50,1337.80
1337.10,1343.70,1345.10,1335.60
1342.60,1338.10,1347.30,1330.40
1344.50,1339.70,1349.70,1331.10
1328.50,1327.30,1329.00,1327.00
1320.40,1314.80,1315.10,1314.50
1312.30,1312.30,1312.30,1312.30
1315.30,1315.60,1328.20,1306.90
1311.80,1294.10,1314.00,1294.00
1294.50,1288.10,1297.70,1277.00
1288.60,1292.50,1293.00,1286.10
1291.30,1286.90,1293.70,1284.70
1287.60,1293.20,1294.00,1283.80
1293.30,1285.50,1296.00,1282.90
1288.30,1290.70,1303.50,1285.70
1289.10,1286.00,1292.50,1283.20
1279.50,1273.80,1286.10,1270.00
1276.30,1284.20,1284.20,1269.40
1287.00,1292.90,1293.00,1280.90
1290.70,1289.50,1294.60,1283.50
1286.70,1280.20,1290.40,1277.20
1276.00,1262.70,1281.20,1262.70
1259.30,1259.80,1267.70,1254.00
1261.40,1261.40,1262.40,1258.10
1261.30,1272.00,1273.00,1256.90
1271.10,1269.00,1273.70,1259.70
1275.10,1271.70,1275.60,1265.80
1276.10,1272.40,1276.90,1265.20
1270.10,1273.00,1273.90,1268.40
1271.90,1261.90,1273.70,1260.30
1261.50,1261.30,1266.20,1255.50
1250.80,1250.70,1264.70,1244.80
1253.50,1256.10,1259.00,1250.40
1255.60,1256.00,1259.60,1253.10
1256.00,1245.00,1256.30,1244.40
1246.80,1242.10,1248.20,1236.00
1243.40,1243.40,1244.40,1237.50
1243.40,1235.50,1245.10,1234.80
1235.30,1230.60,1236.80,1230.60
1229.10,1218.40,1234.00,1216.80
1218.90,1219.80,1224.60,1217.40
1220.80,1218.70,1226.00,1215.80
1216.40,1214.30,1218.20,1209.60
1214.90,1212.60,1216.00,1205.90
1211.40,1221.70,1228.90,1209.80
1225.00,1228.00,1229.00,1224.20
1223.40,1223.00,1230.00,1218.30
1221.70,1220.10,1228.40,1216.50
1221.00,1244.40,1244.40,1220.20
1244.10,1245.00,1245.00,1242.70
1247.60,1247.60,1247.60,1247.60
1249.10,1247.30,1255.70,1246.70
1246.90,1245.20,1253.80,1241.80
1246.40,1258.10,1259.00,1236.50
1256.40,1250.90,1260.00,1250.60
1249.40,1246.40,1256.00,1246.40
1245.80,1243.90,1248.80,1241.70
1243.50,1245.40,1249.40,1242.40
1246.70,1255.80,1257.30,1244.30
1256.50,1255.60,1258.60,1253.20
1254.60,1262.70,1268.50,1252.70
1275.90,1268.40,1284.20,1259.00
1268.60,1267.70,1271.00,1260.50
1268.90,1269.70,1272.40,1265.60
1271.40,1283.50,1284.60,1266.70
1279.50,1289.50,1291.50,1273.50
1293.20,1297.00,1297.60,1285.00
1297.50,1282.50,1298.80,1282.10
1282.70,1282.60,1286.00,1280.20
1280.20,1268.00,1282.20,1261.30
1270.10,1271.60,1272.80,1263.70
1275.40,1265.70,1276.80,1262.00
1265.70,1271.20,1273.40,1261.80
1265.70,1271.20,1273.40,1261.80
1269.70,1257.20,1271.00,1254.50
1258.00,1260.30,1261.00,1255.10
1254.70,1253.20,1260.00,1249.80
1257.10,1263.30,1265.10,1252.30
1263.00,1259.00,1263.30,1253.30
1255.20,1248.60,1257.80,1248.50
1254.50,1263.00,1266.70,1248.00
1260.40,1238.40,1262.00,1238.40
1238.00,1232.80,1240.00,1232.10
1231.60,1230.00,1238.80,1229.90
1229.30,1226.80,1232.90,1226.40
1225.80,1220.10,1229.00,1220.10
1220.50,1224.10,1227.20,1219.40
1217.70,1228.90,1228.90,1216.00
1228.70,1224.20,1238.00,1223.90
1228.50,1230.40,1236.80,1228.30
1230.20,1240.20,1242.80,1228.10
1250.20,1254.50,1255.20,1239.30
1258.70,1258.50,1259.50,1254.70
1257.20,1266.40,1267.70,1257.00
1270.00,1267.90,1270.50,1267.30
1267.60,1267.60,1267.60,1267.60
1264.20,1265.50,1272.80,1260.70
1267.20,1277.90,1279.90,1262.80
1277.50,1280.00,1280.00,1266.00
1289.10,1283.30,1290.10,1280.00
1283.80,1282.20,1285.20,1278.00
1283.40,1291.70,1292.70,1275.40
1294.10,1286.70,1294.40,1280.60
1291.90,1292.40,1297.40,1283.10
1288.50,1288.30,1290.70,1283.80
1278.10,1277.20,1289.00,1273.80
1274.20,1256.80,1277.40,1254.70
1253.90,1255.60,1258.90,1248.20
1257.30,1253.90,1273.30,1252.40
1253.30,1257.60,1260.90,1251.30
1248.50,1258.20,1259.30,1245.40
1258.40,1255.50,1263.70,1255.50
1254.00,1251.90,1255.90,1246.40
1251.20,1244.60,1252.80,1241.50
1248.00,1256.10,1256.50,1244.20
1255.30,1253.50,1255.90,1248.70
1257.20,1255.30,1259.80,1249.00
1257.30,1251.70,1262.40,1247.70
1250.10,1247.60,1252.50,1242.50
1248.60,1249.00,1254.50,1244.30
1251.20,1246.50,1252.50,1246.00
1248.00,1235.90,1248.80,1228.40
1235.60,1231.60,1236.20,1231.60
1231.70,1227.00,1232.70,1225.80
1228.60,1220.50,1234.00,1220.00
1202.30,1199.50,1223.00,1198.30
1204.20,1203.60,1208.50,1198.60
1204.70,1207.00,1211.60,1204.60
1203.00,1202.00,1206.40,1197.20
1204.80,1209.30,1209.30,1201.50
1211.00,1219.00,1219.00,1208.40
1217.70,1227.10,1227.10,1215.60
1227.10,1235.10,1236.40,1227.10
1228.10,1236.00,1237.90,1224.90
1234.40,1249.40,1249.40,1234.20
1251.60,1248.20,1252.70,1240.20
1255.40,1254.70,1258.40,1252.90
1260.40,1260.40,1260.40,1260.40
1258.30,1250.60,1261.20,1248.80
1251.40,1238.30,1252.20,1236.40
1233.30,1236.90,1241.90,1231.50
1238.90,1236.40,1240.20,1226.80
1238.90,1236.40,1240.20,1226.80
1239.10,1240.80,1245.10,1235.30
1241.60,1234.30,1243.70,1233.30
1233.10,1228.60,1234.90,1217.50
1225.40,1226.10,1236.00,1222.70
1225.80,1234.20,1234.40,1220.30
1235.90,1229.60,1238.90,1222.60
1236.80,1242.70,1246.20,1226.10
1239.50,1235.20,1246.60,1231.30
1236.10,1236.90,1237.50,1229.20
1232.10,1221.90,1237.50,1220.80
1220.80,1217.80,1223.20,1208.30
1219.40,1211.20,1227.50,1210.20
1208.30,1212.20,1215.00,1199.70
1211.40,1197.70,1217.40,1195.60
1196.00,1194.60,1201.30,1190.00
1189.80,1190.20,1192.40,1181.70
1191.00,1202.10,1203.10,1185.10
1199.00,1209.80,1209.80,1193.90
1211.70,1218.40,1220.60,1207.50
1216.60,1210.80,1220.00,1210.40
1206.00,1204.90,1215.90,1199.70
1202.70,1203.60,1207.40,1197.30
1213.50,1218.20,1218.20,1203.60
1214.30,1200.80,1220.00,1200.80
1212.90,1199.40,1218.90,1198.00
1197.50,1195.60,1201.80,1189.40
1201.20,1193.40,1208.10,1193.40
1198.00,1189.10,1199.80,1178.80
1186.90,1183.50,1191.20,1181.90
1186.30,1174.90,1187.20,1174.60
1174.80,1179.70,1180.10,1172.60
1182.60,1165.30,1186.50,1165.30
1166.50,1158.10,1168.50,1158.10
1163.20,1154.00,1165.00,1148.10
1152.90,1162.20,1162.20,1153.00
1160.70,1145.50,1163.10,1145.50
1140.90,1139.30,1145.10,1137.10
1138.80,1135.30,1151.70,1132.80
1133.60,1130.00,1137.30,1129.50
1130.70,1133.20,1135.50,1128.60
1133.20,1134.00,1138.80,1131.00
1133.60,1139.80,1141.70,1127.30
1142.70,1136.10,1144.40,1135.50
1137.40,1130.50,1143.20,1128.50
1129.80,1143.80,1146.00,1124.30
1163.70,1159.80,1168.00,1140.00
1159.00,1164.50,1167.00,1156.30
1165.80,1161.40,1167.90,1152.50
1161.90,1172.50,1173.80,1157.60
1172.40,1176.10,1180.70,1170.90
1177.50,1171.40,1182.30,1167.20
1170.10,1172.80,1177.10,1168.10
1176.50,1182.60,1190.20,1158.60
1177.80,1174.30,1180.30,1168.40
1169.40,1175.10,1178.40,1162.20
1173.90,1190.70,1196.80,1171.30
1190.80,1196.60,1197.70,1182.60
1192.30,1185.60,1198.40,1184.00
1179.60,1189.60,1193.20,1172.00
1178.40,1189.40,1192.70,1170.30
1190.80,1213.80,1215.80,1182.50
1212.70,1215.50,1222.20,1207.60
1211.30,1209.30,1219.00,1207.00
1210.10,1214.50,1216.00,1204.00
1218.30,1227.50,1232.30,1212.60
1225.30,1230.90,1234.10,1222.50
1225.90,1223.30,1232.00,1219.90
1223.00,1229.80,1231.00,1212.50
1225.60,1259.80,1265.30,1222.80
1267.90,1280.00,1292.80,1255.80
1275.40,1272.40,1339.00,1272.00
1276.40,1284.80,1291.20,1277.30
1281.30,1293.00,1294.70,1282.60
1306.50,1299.90,1309.00,1298.80
1305.30,1300.80,1309.00,1291.70
1310.20,1295.70,1310.70,1295.70
1290.00,1279.80,1293.90,1279.10
1275.10,1277.90,1281.00,1275.00
1278.60,1278.60,1278.60,1278.60
1269.50,1267.20,1273.70,1265.20
1266.60,1274.00,1277.20,1265.10
1273.60,1265.20,1277.50,1262.40
1263.70,1266.90,1272.80,1260.10
1267.70,1266.50,1268.80,1261.70
1267.50,1270.60,1275.90,1265.50
1269.90,1263.90,1274.40,1261.10
1262.90,1256.00,1265.60,1255.90
1256.60,1252.90,1258.20,1251.10
1255.50,1259.50,1260.70,1246.90
1257.60,1257.10,1263.90,1254.70
1253.80,1254.50,1260.50,1251.20
1255.90,1261.70,1264.00,1254.30
1260.40,1258.50,1266.80,1258.50
1251.90,1256.80,1267.60,1243.20
1253.00,1269.70,1271.60,1251.80
1268.60,1270.50,1279.40,1264.10
1269.70,1315.00,1315.40,1269.00
1312.70,1321.00,1322.60,1311.80
1317.10,1323.60,1331.50,1316.00
1326.00,1325.00,1329.40,1318.60
1321.40,1327.90,1328.00,1319.40
1328.00,1339.30,1339.30,1326.60
1341.70,1340.50,1343.50,1334.50
1339.30,1338.30,1341.40,1336.20
1342.50,1335.70,1343.60,1333.50
1329.10,1318.00,1336.00,1309.00
1315.80,1314.20,1317.70,1313.20
1315.50,1310.40,1318.30,1310.40
1307.80,1317.60,1317.60,1307.00
1315.70,1323.30,1327.50,1310.50
1323.50,1320.30,1325.20,1318.00
1321.10,1329.70,1332.10,1316.50
1323.10,1327.00,1330.50,1321.00
1332.10,1340.00,1340.80,1329.00
1339.10,1347.50,1350.50,1338.20
1346.70,1351.40,1354.70,1345.40
1351.80,1327.30,1352.50,1327.30
1354.00,1328.10,1357.20,1325.50
1324.90,1313.20,1328.60,1309.00
1315.30,1308.50,1316.60,1304.00
1309.60,1315.50,1315.80,1309.00
1314.70,1314.70,1314.70,1314.70
1323.70,1320.60,1325.10,1314.50
1322.60,1321.30,1342.30,1318.30
1321.20,1323.70,1326.50,1317.40
1326.10,1337.60,1340.10,1323.60
1342.10,1339.60,1344.90,1335.30
1339.40,1341.00,1341.50,1331.60
1342.20,1353.30,1354.00,1338.10
1353.20,1348.30,1357.50,1347.40
1344.80,1346.90,1352.60,1336.80
1352.70,1340.70,1360.00,1340.70
1343.20,1339.10,1344.90,1336.80
1338.90,1340.40,1358.00,1334.20
1345.50,1347.90,1354.70,1337.30
1347.40,1342.30,1359.00,1341.50
1342.10,1335.90,1343.90,1331.30
1336.40,1336.30,1338.80,1330.60
1339.50,1362.00,1366.10,1335.40
1362.70,1360.30,1366.80,1350.70
1360.20,1366.60,1368.70,1356.20
1368.20,1355.20,1369.70,1349.50
1355.20,1352.70,1357.60,1349.10
1353.10,1338.00,1357.40,1330.50
1337.00,1343.50,1348.40,1335.10
1328.60,1321.00,1344.00,1317.30
1322.50,1317.00,1325.70,1316.30
1321.30,1323.80,1325.00,1314.30
1325.30,1332.80,1335.40,1321.60
1332.80,1316.00,1335.60,1312.90
1321.20,1334.40,1340.70,1314.70
1334.20,1329.50,1336.30,1329.50
1331.10,1333.30,1337.10,1325.70
1329.30,1338.20,1340.30,1324.80
1334.10,1347.80,1348.50,1323.00
1345.60,1337.20,1348.10,1331.40
1337.30,1356.70,1360.60,1333.00
1358.90,1376.20,1376.20,1355.10
1360.50,1362.30,1369.90,1338.60
1364.10,1366.80,1374.40,1354.10
1369.00,1363.30,1378.50,1363.30
1360.60,1347.00,1361.20,1342.50
1358.70,1345.00,1360.30,1338.50
1340.40,1334.10,1346.80,1334.10
1322.00,1319.40,1325.60,1318.40
1328.60,1328.60,1328.60,1328.60
1317.90,1328.30,1329.50,1308.20
1324.70,1322.30,1340.00,1320.80
1322.40,1254.30,1362.60,1252.80
1263.10,1268.10,1274.90,1256.90
1270.00,1271.40,1273.50,1263.80
1272.50,1292.50,1297.40,1267.10
1292.10,1293.00,1296.80,1280.80
1294.80,1282.40,1302.70,1278.80
1298.40,1295.00,1318.90,1280.10
1288.30,1288.10,1300.00,1281.30
1288.10,1286.20,1293.00,1278.60
1286.90,1278.30,1290.30,1275.20
1275.90,1271.50,1280.90,1267.30
1272.70,1264.60,1274.40,1259.40
1262.30,1247.00,1267.20,1245.50
1247.00,1248.00,1249.00,1236.90
1247.40,1245.50,1251.30,1242.10
1242.90,1212.80,1247.40,1209.10
1212.60,1215.90,1220.00,1212.00
1214.70,1217.90,1222.90,1208.20
1217.50,1215.10,1220.60,1201.50
1217.50,1215.10,1220.60,1201.50
1216.70,1222.30,1225.80,1209.00
1221.50,1222.00,1234.90,1219.90
1225.20,1228.60,1231.60,1219.20
1230.70,1250.80,1251.10,1228.00
1253.20,1252.90,1257.60,1246.00
1254.40,1258.50,1261.90,1251.90
1256.10,1261.50,1263.00,1246.00
1275.70,1282.90,1283.30,1257.40
1278.20,1276.80,1285.00,1271.50
1275.40,1275.20,1290.30,1274.00
1273.80,1267.40,1277.60,1266.80
1272.30,1278.40,1283.00,1264.30
1276.80,1269.30,1281.20,1268.80
1266.00,1267.10,1271.70,1261.20
1267.80,1288.40,1290.50,1265.00
1295.10,1280.70,1298.40,1280.30
1273.50,1284.40,1288.50,1275.00
1275.60,1289.60,1292.00,1275.00
1292.90,1298.40,1303.00,1286.70
1296.90,1294.10,1305.20,1292.70
1291.50,1278.20,1298.30,1278.20
1267.30,1267.30,1267.30,1267.30
1250.40,1245.70,1254.60,1240.70
1243.40,1239.80,1246.50,1232.70
1240.20,1234.50,1243.80,1231.30
1230.00,1248.50,1254.20,1228.50
1250.30,1244.50,1272.40,1244.40
1254.40,1251.30,1259.80,1244.00
1254.30,1233.90,1258.50,1229.00
1235.00,1236.30,1243.30,1231.70
1234.60,1228.50,1237.60,1226.80
1226.50,1243.80,1245.90,1225.40
1248.30,1257.20,1258.70,1241.40
1260.90,1259.80,1264.70,1253.00
1258.00,1241.80,1260.90,1241.60
1243.80,1241.80,1244.60,1231.00
1237.50,1224.00,1245.00,1224.00
1223.80,1232.60,1233.80,1217.20
1229.60,1217.10,1238.80,1216.00
1219.30,1223.00,1224.10,1215.70
1223.50,1234.10,1237.20,1210.30
1235.60,1227.00,1242.30,1225.10
1228.60,1243.00,1246.80,1224.90
1236.40,1221.80,1243.70,1216.00
1220.80,1216.50,1222.90,1207.20
1222.20,1221.60,1224.60,1212.20
1224.60,1249.10,1249.10,1216.20
1249.20,1244.60,1260.00,1244.20
1244.80,1256.50,1257.30,1242.10
1254.80,1258.60,1267.40,1249.80
1265.50,1261.10,1272.00,1256.20
1230.30,1234.00,1264.00,1228.00
1231.50,1236.10,1238.70,1226.80
1245.60,1251.00,1259.90,1232.80
1259.90,1271.10,1283.80,1250.20
1273.30,1250.60,1274.50,1240.10
1257.90,1262.60,1263.10,1245.00
1263.40,1269.50,1279.20,1261.40
1264.50,1267.20,1270.00,1260.20
1271.10,1265.00,1279.60,1253.50
1258.60,1243.80,1268.10,1243.20
1242.10,1227.80,1241.10,1227.80
1231.10,1245.30,1247.00,1229.70
1234.70,1220.20,1241.40,1220.20
1220.70,1220.70,1220.70,1220.70
1238.80,1228.90,1244.40,1221.80
1239.10,1226.00,1254.30,1222.40
1222.60,1208.90,1229.00,1207.60
1210.10,1226.90,1226.90,1202.50
1230.80,1231.20,1235.30,1220.60
1226.30,1209.50,1240.60,1201.30
1211.40,1201.90,1214.40,1196.20
1208.20,1236.30,1236.30,1191.50
1208.20,1236.30,1236.30,1191.50
1239.40,1247.10,1248.70,1232.90
1247.80,1197.50,1263.90,1196.30
1194.60,1189.70,1198.10,1181.60
1198.60,1189.50,1199.30,1185.90
1197.90,1174.00,1201.40,1164.50
1157.70,1155.70,1175.00,1145.50
1157.50,1142.50,1157.90,1139.70
1141.30,1129.40,1146.20,1124.80
1127.20,1128.50,1131.50,1122.60
1128.00,1118.00,1130.20,1115.30
1116.40,1114.80,1118.90,1108.50
1116.10,1126.20,1126.40,1110.20
1116.00,1119.80,1128.00,1115.30
1120.30,1109.00,1123.20,1107.80
1105.50,1098.00,1109.40,1097.90
1096.00,1101.10,1101.40,1094.60
1097.70,1101.70,1103.80,1092.30
1105.70,1087.50,1109.10,1087.50
1089.00,1089.70,1093.40,1082.00
1089.10,1089.30,1094.50,1082.10
1090.70,1077.20,1096.90,1077.10
1073.60,1093.50,1093.50,1071.30
1087.20,1087.30,1095.00,1080.50
1085.30,1094.00,1097.10,1083.60
1096.30,1106.00,1107.30,1094.40
1098.10,1108.70,1109.70,1093.00
1108.10,1092.70,1109.60,1091.40
1092.20,1077.40,1094.70,1077.40
1078.70,1076.60,1081.60,1076.20
1075.50,1062.50,1082.30,1062.50
1060.50,1062.30,1062.30,1059.00
1060.10,1060.10,1060.10,1060.10
1068.00,1068.30,1074.60,1066.70
1068.30,1075.20,1076.50,1065.70
1075.90,1069.60,1076.60,1069.50
1068.30,1072.00,1074.90,1067.60
1074.10,1078.00,1080.30,1071.20
1080.60,1065.20,1081.40,1063.10
1065.00,1051.50,1071.00,1050.00
1049.60,1072.20,1072.70,1046.80
1076.80,1060.30,1077.90,1060.20
1061.60,1059.80,1067.90,1057.40
1063.40,1073.00,1077.30,1058.10
1075.70,1071.40,1079.10,1061.70
1072.00,1071.70,1076.00,1068.80
1076.50,1074.30,1085.00,1068.70
1075.30,1069.70,1078.40,1066.80
1075.20,1085.50,1086.10,1065.00
1084.10,1062.00,1088.30,1057.20
1061.20,1053.50,1064.50,1045.40
1053.80,1067.90,1071.00,1049.40
1063.50,1064.60,1074.00,1062.60
1065.30,1056.00,1069.10,1052.20
1056.20,1070.60,1073.90,1051.60
1056.20,1070.60,1073.90,1051.60
1069.80,1074.70,1079.50,1067.50
1073.30,1069.90,1080.00,1069.60
1066.70,1075.00,1075.00,1065.00
1076.30,1081.70,1087.30,1075.10
1078.00,1073.10,1085.00,1070.30
1068.80,1069.20,1071.00,1066.10
1068.70,1083.30,1083.30,1065.70
1083.80,1087.60,1096.50,1082.10
1081.20,1084.00,1084.20,1080.70
1081.30,1086.80,1088.50,1074.60
1085.20,1092.50,1092.50,1084.00
1088.90,1090.50,1093.20,1086.40
1088.50,1089.00,1093.30,1089.00
1088.10,1107.70,1108.40,1085.00
1104.60,1109.90,1111.10,1103.10
1106.60,1121.00,1121.00,1106.70
1114.50,1135.50,1135.50,1114.40
1136.30,1141.10,1141.10,1133.80
1141.80,1142.40,1142.40,1139.30
1147.70,1147.70,1147.70,1147.70
1176.10,1166.70,1183.10,1152.10
1165.80,1163.00,1168.80,1160.50
1166.20,1163.80,1169.60,1162.00
1162.80,1165.90,1179.40,1158.60
1166.10,1166.80,1171.80,1161.40
1167.10,1175.50,1179.30,1163.20
1177.50,1170.60,1181.40,1167.20
1172.80,1176.90,1178.20,1168.30
1183.10,1182.50,1184.80,1174.30
1187.50,1184.00,1191.70,1173.90
1179.80,1168.20,1189.90,1162.50
1165.40,1162.80,1168.60,1151.30
1164.50,1155.00,1168.60,1154.30
1155.90,1138.10,1159.30,1138.00
1144.30,1145.00,1150.90,1135.90
1148.70,1146.50,1153.60,1141.30
1146.40,1134.70,1151.00,1134.50
1137.60,1137.00,1141.60,1129.60
1136.60,1112.50,1140.90,1103.80
1113.70,1114.50,1118.50,1110.30
1115.20,1127.20,1127.70,1110.80
1126.80,1131.40,1134.30,1123.50
1131.70,1146.90,1146.90,1127.50
1145.60,1149.70,1149.70,1141.60
1154.00,1130.20,1154.90,1130.20
1131.60,1124.60,1132.50,1121.70
1124.90,1132.50,1135.00,1121.00
1133.00,1138.30,1139.20,1131.30
1138.00,1130.50,1139.50,1128.60
1117.10,1120.80,1131.80,1116.30
1119.00,1105.10,1121.90,1105.10
1102.60,1106.90,1107.50,1102.50
1107.60,1107.40,1108.10,1104.00
1103.30,1111.10,1111.10,1104.00
1109.30,1109.40,1111.60,1109.40
1102.00,1116.70,1116.70,1103.90
1120.80,1117.50,1124.50,1117.50
1121.00,1123.00,1126.00,1114.70
1121.10,1125.00,1126.70,1117.50
1124.20,1127.90,1127.90,1126.60
1133.30,1134.60,1134.60,1131.70
1139.50,1139.80,1141.00,1139.80
1132.20,1127.70,1130.20,1127.30
1133.70,1133.70,1133.70,1133.70
1122.20,1124.20,1128.00,1116.90
1124.20,1139.60,1145.60,1116.60
1137.90,1154.80,1155.50,1133.90
1153.10,1159.20,1169.10,1145.00
1159.20,1152.90,1167.00,1148.10
1152.80,1132.60,1153.20,1131.70
1127.60,1116.70,1133.80,1115.50
1116.60,1116.70,1120.20,1108.40
1118.10,1113.20,1121.80,1112.80
1112.40,1114.90,1120.00,1110.90
1115.30,1125.00,1126.00,1112.90
1123.30,1108.00,1125.30,1101.00
1107.50,1103.60,1118.50,1093.20
1103.80,1092.80,1108.20,1088.80
1093.80,1089.00,1098.70,1081.10
1089.80,1084.00,1093.10,1082.90
1085.30,1086.90,1091.30,1081.70
1090.30,1085.10,1093.80,1079.80
1089.00,1094.50,1097.00,1084.80
1094.70,1087.80,1102.50,1079.10
1088.40,1095.20,1097.30,1081.30
1092.80,1094.70,1101.00,1089.10
1096.30,1094.40,1097.50,1090.90
1096.60,1099.70,1104.20,1088.00
1085.70,1089.70,1101.00,1073.00
1094.20,1093.60,1105.00,1086.40
1091.70,1100.30,1102.00,1086.60
1103.70,1097.70,1108.00,1096.80
1107.10,1131.30,1131.40,1088.80
1132.20,1144.20,1144.20,1130.20
1144.30,1148.20,1148.20,1141.70
1147.90,1155.80,1155.80,1143.90
1154.00,1155.20,1159.50,1153.00
1155.90,1161.80,1163.40,1151.00
1158.40,1159.50,1165.00,1158.10
1159.70,1157.80,1167.40,1157.50
1164.00,1154.80,1163.20,1146.60
1153.10,1169.00,1169.00,1151.00
1173.70,1164.50,1174.10,1162.50
1173.20,1173.20,1174.40,1161.90
1164.10,1163.00,1167.60,1157.20
1169.90,1171.90,1173.00,1168.00
1172.30,1177.50,1177.90,1169.80
1179.50,1179.50,1179.50,1179.50
1173.20,1172.50,1178.00,1167.10
1171.80,1174.10,1177.30,1170.50
1172.90,1177.60,1179.70,1168.10
1176.60,1185.30,1187.70,1175.60
1184.10,1199.70,1200.80,1181.60
1201.90,1201.80,1204.00,1198.00
1202.00,1184.20,1205.70,1183.10
1176.80,1181.10,1188.80,1173.90
1180.90,1185.30,1187.40,1175.40
1185.80,1180.00,1190.20,1171.90
1179.20,1180.80,1183.70,1175.60
1180.40,1185.70,1187.40,1174.80
1186.60,1175.80,1191.80,1174.30
1177.60,1173.20,1182.30,1171.80
1173.60,1170.80,1177.10,1168.50
1168.10,1176.50,1178.00,1162.10
1175.20,1185.80,1186.60,1172.40
1184.90,1193.80,1195.60,1179.10
1194.40,1189.50,1196.40,1185.80
1188.70,1189.80,1204.70,1184.00
1189.80,1188.10,1194.40,1186.00
1188.80,1188.00,1192.80,1180.20
1186.00,1187.60,1190.00,1184.00
1187.30,1205.70,1208.50,1185.40
1186.90,1205.20,1208.20,1184.80
1204.40,1206.60,1214.00,1202.00
1204.60,1210.00,1210.90,1202.00
1209.20,1209.50,1213.00,1207.50
1207.20,1224.00,1224.00,1206.00
1228.10,1224.00,1232.30,1222.30
1225.80,1219.40,1226.00,1212.50
1225.70,1213.50,1226.80,1212.80
1218.70,1192.70,1218.00,1191.50
1192.90,1183.10,1194.50,1181.40
1183.50,1189.30,1191.10,1180.10
1189.40,1183.00,1191.00,1182.00
1182.70,1190.70,1190.70,1181.00
1190.80,1195.80,1195.80,1190.00
1193.70,1190.00,1197.80,1190.00
1187.30,1178.10,1192.50,1177.50
1175.00,1175.50,1175.50,1171.20
1182.90,1205.10,1205.50,1180.00
1210.50,1210.50,1210.50,1210.50
1213.90,1201.60,1214.90,1198.60
1203.20,1179.30,1206.70,1177.60
1175.00,1193.00,1195.40,1174.10
1194.30,1186.90,1197.40,1183.60
1186.90,1202.20,1204.40,1185.00
1203.10,1195.80,1203.70,1192.50
1193.70,1204.40,1209.00,1190.80
1203.10,1198.60,1207.80,1197.00
1198.00,1201.80,1208.80,1194.30
1201.30,1192.20,1204.40,1188.30
1192.60,1198.80,1201.30,1183.50
1199.30,1207.20,1209.30,1196.10
1204.60,1193.80,1210.60,1192.90
1193.60,1202.60,1203.30,1192.40
1203.10,1208.70,1212.50,1197.40
1210.60,1214.70,1215.90,1207.50
1218.60,1212.60,1224.50,1212.60
1200.90,1200.90,1200.90,1200.90
1200.90,1204.30,1207.40,1194.80
1208.20,1183.20,1208.70,1180.50
1183.20,1185.50,1190.60,1178.20
1185.30,1198.60,1199.60,1182.20
1200.30,1203.40,1205.00,1192.50
1205.30,1195.80,1219.70,1194.50
1197.50,1191.80,1199.50,1188.00
1191.70,1186.00,1194.30,1185.40
1188.00,1183.90,1191.10,1179.20
1185.00,1171.50,1186.70,1168.90
1169.40,1167.80,1174.90,1159.00
1151.70,1148.70,1173.60,1145.70
1148.60,1154.50,1156.90,1142.50
1153.60,1157.00,1163.50,1150.00
1152.80,1153.70,1160.00,1152.50
1152.40,1154.70,1163.60,1148.50
1151.10,1161.50,1161.50,1147.10
1160.60,1166.50,1168.50,1155.20
1167.00,1170.00,1174.50,1169.30
1164.80,1199.60,1199.60,1167.00
1196.70,1204.30,1207.00,1197.00
1201.40,1205.40,1205.90,1200.70
1204.90,1208.10,1210.30,1199.40
1208.70,1219.00,1219.00,1212.10
1213.50,1213.70,1215.90,1205.30
1210.50,1210.50,1210.50,1210.50
1201.50,1200.80,1211.70,1200.70
1197.30,1201.90,1204.40,1190.00
1200.80,1203.50,1210.30,1190.60
1204.90,1208.00,1215.30,1197.70
1207.60,1212.50,1222.90,1205.20
1200.20,1209.30,1213.40,1197.20
1208.60,1227.50,1236.70,1203.30
1208.60,1227.50,1236.70,1203.30
1227.10,1223.00,1234.90,1222.50
1220.70,1218.30,1232.80,1218.00
1219.60,1234.10,1238.70,1216.50
1232.20,1238.30,1245.90,1230.60
1241.50,1235.90,1243.60,1234.40
1234.60,1266.40,1269.00,1228.20
1262.70,1270.40,1274.60,1256.10
1264.50,1261.50,1273.30,1256.90
1260.30,1275.60,1286.50,1255.80
1276.90,1283.00,1283.90,1266.50
1279.20,1259.00,1285.40,1257.50
1255.90,1284.00,1286.60,1252.10
1286.60,1292.50,1293.90,1280.00
1292.30,1281.40,1297.80,1273.40
1279.90,1295.70,1299.70,1276.40
1293.20,1301.70,1302.20,1285.80
1301.30,1291.40,1307.10,1280.00
1294.30,1293.60,1307.40,1285.80
1294.70,1280.10,1297.00,1273.80
1294.20,1280.70,1297.20,1272.10
1277.40,1263.60,1281.90,1255.90
1265.20,1230.80,1266.60,1227.50
1234.90,1232.30,1244.60,1226.60
1234.80,1232.70,1243.40,1228.40
1233.20,1225.30,1235.80,1218.90
1216.50,1208.80,1223.70,1208.30
1208.80,1213.80,1216.40,1206.90
1211.00,1217.50,1217.50,1210.00
1219.70,1206.10,1222.00,1206.00
1204.40,1196.40,1205.20,1189.10
1186.60,1187.20,1193.30,1171.60
1184.50,1199.10,1199.60,1199.00
1200.80,1200.80,1200.80,1200.80
1181.90,1194.90,1197.50,1178.60
1195.30,1175.20,1199.10,1175.20
1173.50,1176.80,1181.20,1172.70
1178.00,1176.10,1184.90,1172.40
1179.80,1196.00,1203.60,1170.70
1196.00,1198.00,1201.50,1193.20
1194.80,1189.40,1213.90,1188.50
1194.50,1195.30,1203.10,1182.00
1194.30,1195.40,1223.90,1187.80
1207.70,1222.00,1225.00,1191.30
1222.50,1227.90,1228.90,1214.80
1225.60,1226.20,1233.40,1216.40
1229.40,1231.20,1238.90,1225.20
1232.00,1203.80,1239.00,1199.50
1194.90,1191.20,1209.30,1187.30
1190.40,1205.90,1208.50,1186.40
1207.70,1209.30,1213.50,1201.10
1208.70,1197.60,1215.00,1193.50
1199.40,1212.60,1212.60,1191.40
1218.10,1159.40,1221.00,1141.70
1175.50,1197.80,1199.30,1163.90
1175.50,1197.80,1199.30,1163.90
1197.50,1201.60,1201.60,1194.60
1197.50,1198.30,1202.80,1189.90
1196.20,1201.40,1203.50,1193.20
1198.00,1193.30,1207.00,1188.00
1191.10,1181.80,1196.20,1178.40
1194.20,1194.70,1201.20,1175.00
1197.40,1185.20,1204.20,1185.20
1183.80,1182.80,1192.80,1181.80
1185.90,1160.10,1193.10,1148.30
1161.90,1160.90,1167.20,1153.90
1159.50,1162.60,1165.20,1157.40
1163.50,1152.30,1172.00,1149.30
1160.20,1177.90,1178.00,1147.50
1170.20,1140.90,1175.00,1133.60
1142.90,1143.20,1146.80,1139.00
1146.10,1169.20,1169.20,1138.80
1168.10,1165.50,1171.20,1164.10
1170.20,1168.80,1173.00,1166.80
1172.00,1171.90,1174.90,1163.20
1199.00,1199.00,1199.00,1199.00
1224.90,1227.80,1230.40,1208.20
1229.40,1225.80,1235.50,1222.20
1229.30,1230.60,1232.10,1225.20
1231.80,1233.50,1234.70,1228.70
1229.10,1241.70,1244.90,1226.30
1245.50,1248.90,1250.20,1240.70
1251.70,1246.80,1255.60,1245.70
1244.70,1239.10,1249.30,1234.90
1239.00,1239.50,1242.10,1232.00
1241.20,1242.20,1245.60,1235.20
1244.80,1233.30,1250.30,1222.00
1234.30,1237.30,1238.60,1231.10
1230.00,1224.80,1238.00,1223.60
1221.70,1224.00,1225.70,1217.60
1225.30,1221.10,1234.00,1219.30
1206.00,1209.80,1224.50,1205.10
1212.40,1207.80,1214.10,1203.00
1207.30,1192.00,1209.90,1183.30
1192.90,1213.90,1215.70,1190.30
1215.10,1213.40,1224.00,1209.10
1215.50,1209.40,1220.00,1205.00
1211.60,1215.70,1220.70,1204.30
1218.80,1219.10,1223.90,1215.30
1214.80,1227.70,1230.20,1212.50
1221.50,1216.60,1224.70,1208.50
1219.00,1222.90,1225.00,1216.40
1221.50,1219.20,1235.60,1217.00
1217.30,1215.90,1220.00,1211.70
1216.00,1219.50,1224.60,1214.90
1226.40,1220.00,1227.20,1218.90
1235.40,1237.40,1238.70,1221.80
1236.20,1233.00,1240.20,1232.40
1234.50,1232.40,1235.80,1232.40
1230.90,1232.80,1239.10,1228.60
1238.30,1247.40,1250.00,1237.40
1244.80,1251.40,1251.40,1244.80
1248.00,1257.20,1257.70,1248.10
1253.90,1268.30,1268.30,1268.30
1266.90,1262.80,1272.40,1262.80
1266.20,1273.30,1274.20,1261.00
1270.00,1267.10,1268.00,1262.20
1264.90,1264.70,1265.30,1264.10
1265.00,1288.50,1290.90,1263.10
1287.20,1291.10,1297.30,1290.10
1289.90,1289.90,1289.90,1289.90
1282.50,1280.90,1287.30,1280.30
1284.30,1275.10,1290.60,1274.80
1278.00,1279.30,1280.80,1274.10
1279.30,1277.40,1282.90,1274.00
1274.50,1291.10,1291.20,1272.60
1294.30,1295.30,1298.00,1287.70
1295.90,1298.70,1302.80,1294.10
1298.50,1304.70,1304.70,1295.80
1305.40,1312.80,1315.60,1292.40
1314.90,1312.80,1320.80,1309.40
1313.70,1308.60,1315.40,1305.30
1309.80,1308.30,1318.30,1306.10
1309.70,1310.00,1311.90,1305.60
1310.10,1313.70,1323.10,1305.00
1311.60,1306.30,1315.50,1302.30
1307.40,1288.10,1310.20,1287.90
1284.60,1288.50,1294.30,1282.60
1288.30,1294.90,1295.50,1286.40
1294.10,1283.60,1297.30,1280.50
1281.90,1296.00,1297.80,1280.60
1295.90,1300.10,1304.00,1292.20
1299.00,1305.10,1312.10,1296.80
1304.10,1305.90,1309.60,1302.40
1304.00,1294.30,1309.20,1292.20
1291.40,1304.90,1305.30,1288.60
1305.30,1308.20,1312.00,1304.70
1306.90,1312.60,1316.30,1303.60
1314.50,1311.20,1319.10,1310.30
1310.00,1321.70,1325.10,1307.40
1317.50,1300.30,1324.70,1300.30
1300.40,1295.70,1303.90,1295.70
1297.70,1309.50,1314.00,1294.30
1307.30,1341.00,1341.00,1305.70
1338.00,1337.00,1340.00,1336.90
1339.80,1328.80,1346.80,1328.80
1325.00,1322.50,1333.00,1322.50
1317.10,1320.80,1325.40,1315.30
1317.60,1320.80,1318.70,1314.00
1317.00,1321.40,1321.70,1312.10
1321.10,1324.80,1325.10,1319.10
1331.30,1326.10,1331.00,1322.60
1326.70,1328.90,1330.10,1325.20
1322.10,1315.60,1330.20,1313.80
1320.10,1320.10,1320.10,1320.10
1317.00,1318.70,1320.60,1306.80
1322.60,1318.90,1325.60,1305.40
1321.30,1318.10,1326.60,1314.50
1318.40,1314.90,1319.20,1310.40
1316.60,1320.30,1322.50,1307.10
1314.10,1278.20,1322.00,1276.20
1272.70,1272.10,1279.20,1266.50
1272.00,1271.80,1273.50,1258.00
1275.30,1276.80,1285.10,1270.50
1274.10,1273.40,1278.10,1270.90
1274.00,1261.10,1275.10,1260.00
1261.20,1260.30,1265.50,1257.90
1260.10,1252.70,1263.80,1250.10
1253.90,1253.00,1257.30,1251.60
1252.50,1253.70,1258.20,1245.70
1253.30,1244.30,1257.90,1241.20
1244.30,1244.90,1249.50,1242.80
1244.50,1244.10,1247.90,1240.20
1244.00,1250.50,1251.00,1241.10
1246.00,1255.90,1260.60,1242.20
1257.10,1258.90,1261.50,1251.40
1259.60,1265.10,1267.10,1256.40
1265.60,1291.00,1293.90,1263.30
1265.50,1293.60,1294.80,1263.20
1291.80,1295.20,1295.30,1287.00
1295.10,1292.10,1303.40,1292.10
1288.20,1295.10,1295.90,1284.00
1294.70,1294.00,1296.50,1286.70
1293.90,1301.10,1304.00,1293.00
1293.50,1296.00,1296.00,1288.00
1293.80,1305.30,1305.60,1294.00
1306.10,1292.70,1307.70,1292.00
1295.00,1293.70,1297.10,1290.50
1295.90,1284.00,1303.40,1284.00
1287.80,1289.60,1294.50,1286.40
1287.90,1290.20,1294.60,1286.90
1289.10,1310.60,1310.60,1288.00
1308.80,1310.20,1310.20,1306.40
1309.50,1306.30,1315.30,1306.30
1303.10,1276.00,1304.00,1276.00
1283.60,1288.90,1288.90,1279.00
1296.00,1296.00,1296.00,1296.00
1296.40,1296.40,1296.40,1296.40
1299.00,1303.20,1306.60,1292.10
1300.80,1293.80,1305.20,1290.40
1290.60,1283.90,1299.00,1268.40
1284.60,1284.00,1289.10,1280.80
1281.10,1290.30,1293.10,1275.80
1288.50,1294.90,1302.50,1281.80
1293.90,1302.10,1304.40,1292.80
1303.50,1303.20,1307.10,1293.50
1300.30,1326.50,1328.40,1284.40
1327.50,1321.00,1331.40,1318.70
1319.00,1318.10,1324.20,1314.00
1320.50,1311.90,1324.90,1311.00
1305.90,1308.50,1315.50,1301.10
1309.10,1296.80,1314.70,1296.80
1298.30,1304.00,1304.80,1295.80
1303.50,1286.60,1307.50,1284.40
1284.60,1290.40,1294.20,1281.90
1290.80,1279.60,1294.90,1278.90
1280.00,1284.60,1288.40,1277.40
1283.80,1295.00,1299.30,1282.70
1294.30,1292.30,1299.40,1286.10
1294.80,1305.00,1307.10,1290.10
1303.50,1313.80,1316.40,1299.70
1311.50,1309.20,1317.70,1307.70
1311.20,1334.50,1335.00,1309.20
1336.00,1329.80,1341.80,1329.80
1330.70,1326.80,1334.20,1321.00
1341.50,1357.70,1358.50,1328.60
1359.10,1366.30,1367.50,1351.90
1373.10,1385.80,1392.20,1363.10
1379.20,1376.00,1387.40,1370.10
1372.60,1366.00,1375.20,1365.80
1370.70,1350.00,1370.70,1349.30
1347.10,1341.50,1351.10,1338.80
1341.90,1337.20,1343.60,1331.70
1338.60,1350.40,1350.40,1332.30
1352.20,1338.60,1352.60,1336.00
1340.70,1335.70,1340.70,1333.50
1338.20,1345.60,1345.60,1333.30
1350.40,1343.00,1353.40,1340.70
1321.70,1321.70,1325.80,1321.70
1331.90,1331.90,1331.90,1331.90
1328.00,1341.30,1345.60,1322.30
1342.70,1336.40,1343.80,1331.20
1338.00,1325.50,1339.20,1318.70
1323.60,1323.00,1328.80,1315.90
1316.90,1311.00,1325.30,1307.10
1320.40,1322.00,1323.00,1308.90
1324.40,1318.60,1332.40,1312.30
1324.40,1318.60,1332.40,1312.30
1318.60,1302.20,1321.50,1299.90
1300.10,1290.80,1303.00,1286.20
1295.00,1290.10,1296.40,1283.90
1289.80,1274.20,1294.40,1273.50
1274.70,1265.40,1277.80,1264.70
1262.90,1256.90,1272.00,1255.50
1257.20,1257.70,1267.50,1252.50
1256.90,1254.20,1274.50,1251.80
1251.20,1257.90,1260.70,1246.80
1259.90,1242.00,1266.10,1240.40
1239.80,1244.00,1254.80,1238.20
1242.50,1267.20,1267.80,1237.50
1262.20,1251.10,1269.80,1249.70
1250.60,1257.40,1260.50,1249.50
1263.50,1271.60,1279.20,1252.10
1264.40,1264.20,1272.40,1257.50
1262.30,1235.30,1265.00,1231.50
1238.50,1241.80,1243.20,1235.80
1241.80,1259.00,1259.00,1235.40
1241.80,1252.50,1262.00,1235.10
1252.10,1242.50,1253.70,1238.50
1240.40,1239.50,1243.70,1236.80
1238.60,1241.40,1241.80,1236.00
1245.80,1252.50,1254.40,1241.80
1251.50,1248.80,1254.80,1244.70
1247.30,1229.70,1247.50,1229.70
1229.70,1227.10,1231.00,1225.00
1225.80,1229.30,1230.50,1219.10
1229.90,1241.30,1242.00,1224.60
1238.30,1237.40,1244.40,1234.10
1239.00,1223.60,1239.50,1223.60
1225.50,1212.10,1229.00,1212.10
1202.60,1186.60,1211.60,1186.60
1204.10,1204.10,1204.10,1204.10
1214.00,1210.90,1218.90,1208.50
1212.30,1203.80,1215.40,1200.50
1203.30,1197.80,1205.10,1195.50
1197.00,1202.50,1205.60,1191.80
1203.70,1188.80,1206.90,1188.00
1193.60,1217.80,1226.00,1186.00
1235.00,1230.30,1244.00,1215.20
1230.10,1239.50,1247.60,1226.50
1244.40,1237.30,1251.70,1227.20
1234.60,1226.10,1238.20,1219.50
1224.90,1252.30,1256.50,1222.60
1257.20,1261.00,1263.20,1250.60
1261.10,1239.50,1267.50,1237.40
1234.20,1229.90,1242.60,1224.60
1229.00,1225.00,1245.00,1210.10
1231.90,1243.10,1243.20,1216.30
1247.20,1223.00,1251.50,1210.80
1220.80,1219.50,1225.80,1214.60
1221.90,1250.60,1251.20,1217.10
1250.40,1237.90,1254.50,1234.10
1250.40,1237.90,1254.50,1234.10
1237.90,1241.10,1254.80,1235.50
1241.40,1254.80,1255.80,1239.50
1241.40,1241.50,1252.30,1228.40
1244.30,1245.30,1248.40,1241.30
1243.90,1246.50,1248.60,1236.80
1258.40,1273.90,1273.90,1240.90
1273.90,1275.00,1276.70,1271.30
1272.70,1287.10,1288.30,1273.00
1287.80,1287.50,1290.20,1282.70
1286.80,1284.00,1293.80,1278.90
1268.90,1269.20,1276.10,1268.20
1271.70,1281.00,1284.30,1261.80
1281.60,1287.00,1288.00,1281.80
1285.10,1307.70,1309.50,1282.00
1308.90,1319.20,1325.50,1298.10
1318.20,1313.80,1320.90,1313.80
1308.50,1316.50,1316.50,1308.60
1315.10,1313.60,1315.60,1313.60
1313.60,1325.00,1325.00,1317.20
1324.10,1332.90,1332.90,1323.30
1349.70,1349.70,1349.70,1349.70
1345.50,1352.60,1360.40,1339.80
1352.20,1352.70,1361.80,1346.10
1352.50,1346.90,1356.40,1335.30
1350.30,1332.50,1352.30,1330.20
1334.00,1340.10,1342.20,1328.50
1342.60,1315.50,1344.70,1309.50
1315.80,1316.00,1323.90,1312.00
1314.60,1318.80,1328.90,1311.20
1323.00,1281.40,1324.20,1273.70
1282.30,1281.40,1289.20,1268.60
1273.20,1273.60,1287.70,1251.00
1276.60,1275.50,1291.60,1268.40
1268.20,1286.40,1294.80,1259.60
1296.90,1307.00,1312.00,1281.00
1307.20,1319.60,1323.30,1294.60
1324.60,1323.00,1330.80,1315.40
1325.10,1312.30,1329.50,1307.90
1309.90,1317.40,1326.00,1305.10
1317.60,1316.50,1322.80,1302.00
1320.70,1287.50,1324.20,1276.90
1286.10,1328.20,1337.80,1282.40
1327.00,1343.50,1353.80,1322.00
1339.20,1323.70,1345.20,1320.00
1323.80,1334.00,1338.60,1319.40
1336.00,1325.30,1337.70,1318.50
1316.10,1326.20,1327.80,1309.80
1327.00,1326.20,1330.60,1317.50
1332.50,1368.00,1368.00,1325.90
1369.40,1360.60,1374.80,1359.00
1307.60,1302.80,1364.60,1285.00
1309.40,1323.00,1323.00,1307.00
1317.80,1328.60,1330.20,1307.70
1308.40,1328.20,1328.80,1306.50
1330.40,1360.40,1360.40,1320.60
1363.60,1360.60,1365.30,1359.90
1363.80,1371.90,1371.90,1359.80
1386.50,1385.30,1389.00,1385.30
1386.30,1371.60,1389.00,1371.60
1372.80,1391.80,1392.20,1365.70
1389.80,1388.50,1395.10,1386.80
1411.80,1387.50,1415.90,1383.60
1412.00,1394.00,1416.40,1373.60
1395.90,1395.90,1395.90,1395.90
1412.70,1412.70,1412.70,1412.70
1418.50,1417.00,1432.90,1413.20
1420.00,1404.80,1423.90,1395.60
1393.00,1398.10,1406.90,1388.90
1395.60,1375.80,1399.40,1367.80
1370.70,1366.30,1381.20,1354.50
1370.10,1370.40,1377.70,1359.60
1372.60,1365.20,1377.20,1351.60
1365.70,1376.00,1382.40,1362.20
1371.00,1365.00,1379.10,1357.00
1361.10,1335.40,1369.20,1318.20
1333.60,1320.70,1336.10,1315.50
1320.60,1335.60,1340.90,1318.00
1334.30,1313.80,1343.60,1313.80
1312.30,1311.50,1316.40,1304.80
1310.10,1286.00,1313.80,1282.60
1285.50,1281.90,1289.10,1272.10
1282.60,1302.90,1305.90,1278.40
1302.20,1311.60,1320.20,1296.60
1310.30,1308.30,1317.40,1282.50
1310.80,1324.00,1330.10,1306.60
1312.60,1326.50,1339.40,1304.80
1324.40,1327.40,1329.60,1316.60
1328.80,1333.60,1338.10,1323.70
1321.40,1334.70,1340.40,1312.00
1329.00,1318.30,1337.20,1309.40
1319.70,1344.80,1346.00,1314.00
1334.90,1335.40,1347.40,1327.00
1336.40,1297.40,1337.50,1297.40
1293.20,1283.80,1296.20,1283.80
1284.50,1274.60,1287.10,1274.60
1277.80,1290.90,1298.30,1272.10
1290.80,1279.40,1294.50,1277.90
1284.00,1292.80,1293.30,1275.00
1278.10,1286.20,1286.20,1268.10
1280.40,1277.70,1297.00,1275.00
1248.00,1248.40,1263.00,1244.40
1246.50,1236.00,1259.00,1232.90
1235.50,1222.10,1236.70,1216.30
1213.30,1255.00,1255.00,1208.70
1212.70,1252.70,1257.10,1206.90
1252.50,1246.80,1258.00,1244.00
1244.00,1264.70,1264.70,1241.20
1256.30,1235.30,1260.10,1225.00
1224.20,1201.50,1235.30,1183.90
1212.10,1212.10,1212.10,1212.10
1229.80,1277.00,1277.50,1221.00
1275.10,1281.70,1289.00,1270.70
1277.10,1296.30,1300.70,1275.10
1292.00,1277.60,1301.70,1268.70
1286.20,1351.20,1351.20,1275.40
1374.00,1367.30,1376.00,1348.30
1366.90,1384.30,1385.40,1360.20
1383.10,1390.10,1391.40,1379.80
1387.60,1384.80,1391.80,1377.80
1377.80,1387.40,1394.40,1373.00
1392.00,1377.70,1394.00,1372.20
1377.00,1385.90,1387.20,1364.50
1386.00,1383.00,1388.50,1375.10
1383.00,1412.70,1417.70,1377.10
1415.80,1401.80,1423.30,1391.20
1398.50,1398.80,1410.30,1395.10
1397.20,1411.20,1414.80,1388.10
1411.90,1388.80,1416.50,1388.30
1393.00,1412.90,1421.60,1384.20
1412.00,1392.90,1417.70,1388.40
1391.60,1380.10,1394.40,1379.20
1379.30,1386.50,1401.40,1373.10
1378.90,1386.30,1401.00,1372.10
1387.00,1390.70,1396.80,1383.00
1392.30,1369.50,1395.60,1357.40
1367.90,1373.80,1413.00,1354.90
1378.20,1392.20,1397.40,1359.70
1384.80,1358.20,1397.00,1337.20
1365.30,1384.10,1389.70,1357.40
1387.50,1393.00,1394.80,1370.40
1396.80,1426.90,1426.90,1391.00
1425.10,1434.30,1442.50,1421.00
1434.90,1442.10,1442.10,1427.30
1437.00,1455.00,1461.00,1419.40
1469.10,1472.40,1475.50,1456.80
1474.30,1449.20,1474.50,1449.20
1449.40,1467.60,1467.60,1444.00
1468.60,1472.00,1475.40,1465.00
1464.80,1475.00,1475.00,1461.10
1468.20,1452.50,1472.10,1452.50
1446.80,1450.30,1451.60,1450.00
1472.70,1464.00,1474.60,1464.00
1468.10,1468.10,1468.10,1468.10
1453.60,1467.30,1484.80,1447.30
1462.00,1430.30,1468.60,1426.30
1423.70,1412.50,1433.60,1411.50
1408.80,1425.40,1432.80,1404.00
1421.20,1408.30,1438.80,1403.50
1395.60,1393.00,1424.70,1385.40
1392.50,1376.10,1402.00,1335.60
1382.70,1371.40,1395.20,1365.00
1387.40,1355.00,1404.20,1321.50
1361.10,1481.00,1495.00,1335.10
1501.40,1560.30,1564.20,1476.00
1564.90,1559.00,1568.10,1553.00
1558.80,1585.00,1588.50,1555.30
1586.70,1572.40,1590.10,1570.00
1572.50,1580.80,1582.90,1566.60
1575.90,1554.00,1581.80,1549.00
1552.40,1557.70,1559.30,1539.40
1553.50,1576.40,1577.30,1549.70
1575.90,1600.10,1604.30,1574.00
1600.90,1598.10,1601.60,1595.20
1595.70,1605.60,1608.30,1594.30
1607.20,1601.00,1609.00,1591.90
1596.40,1604.00,1604.20,1594.80
1605.40,1610.30,1613.10,1590.00
1607.00,1615.00,1615.50,1604.00
1614.70,1607.70,1616.10,1607.30
1608.40,1613.70,1613.70,1602.00
1612.20,1605.10,1615.20,1600.90
1605.50,1602.70,1609.50,1593.90
1593.60,1590.60,1598.00,1590.60
1591.70,1589.30,1591.80,1578.00
1589.40,1592.60,1597.90,1585.20
1592.70,1583.60,1597.90,1583.20
1579.00,1579.70,1580.50,1577.10
1577.90,1582.00,1582.00,1562.00
1576.10,1585.20,1585.20,1575.90
1575.80,1570.90,1585.00,1568.30
1575.80,1581.30,1583.30,1574.20
1573.30,1579.30,1579.40,1573.90
1573.10,1578.90,1584.20,1569.50
1578.90,1592.80,1602.40,1575.00
1597.40,1615.10,1616.10,1593.50
1615.50,1592.70,1619.70,1583.70
1586.60,1579.70,1596.50,1574.70
1572.80,1577.00,1587.00,1569.30
1578.60,1564.80,1584.40,1554.30
1578.00,1604.20,1609.20,1558.10
1604.20,1610.00,1618.80,1600.20
1604.20,1610.00,1618.80,1600.20
1609.50,1634.20,1636.00,1596.70
1635.50,1642.50,1650.00,1632.80
1645.10,1652.50,1655.00,1640.50
1649.60,1648.60,1653.80,1639.50
1649.10,1667.90,1670.30,1644.10
1666.90,1671.80,1674.30,1665.80
1671.30,1678.00,1683.90,1663.40
1678.80,1673.40,1680.50,1668.80
1673.50,1675.50,1687.00,1667.20
1676.40,1669.10,1678.60,1661.80
1670.60,1665.20,1683.00,1660.60
1662.00,1677.00,1681.70,1658.40
1681.60,1664.10,1685.00,1663.50
1661.70,1654.60,1665.80,1654.60
1654.00,1660.60,1662.20,1652.40
1657.60,1669.40,1672.30,1656.30
1670.90,1684.80,1686.10,1666.60
1687.70,1694.20,1695.00,1684.80
1694.20,1688.50,1696.00,1688.00
1693.20,1686.50,1695.90,1684.80
1688.00,1687.80,1695.80,1684.80
1691.80,1680.90,1697.10,1668.00
1684.20,1682.20,1685.20,1674.50
1684.90,1669.70,1685.30,1669.20
1670.40,1662.30,1675.20,1662.30
1661.60,1674.80,1675.70,1655.00
1679.00,1656.70,1679.20,1656.70
1656.50,1660.70,1664.20,1652.30
1663.20,1651.50,1662.60,1648.80
1647.20,1657.30,1663.80,1645.30
1649.90,1664.40,1664.40,1630.00
1675.60,1688.00,1689.30,1664.30
1689.90,1675.80,1695.00,1672.10
